<?xml version="1.0" encoding="utf-8"?>
<!--
/*
 * Copyright (C) 2007 Google Inc.
 *
 * Licensed under the Apache License, Version 2.0 (the "License");
 * you may not use this file except in compliance with the License.
 * You may obtain a copy of the License at
 *
 *      http://www.apache.org/licenses/LICENSE-2.0
 *
 * Unless required by applicable law or agreed to in writing, software
 * distributed under the License is distributed on an "AS IS" BASIS,
 * WITHOUT WARRANTIES OR CONDITIONS OF ANY KIND, either express or implied.
 * See the License for the specific language governing permissions and
 * limitations under the License.
 */
-->
<voicemail>
  <voicemail carrier="Vodafone UK"
    numeric="23415"
    vmnumber="121"
    vmtag="Voicemail"
    />
  <voicemail carrier="Vodafone DE"
    numeric="26202"
    vmnumber="5500"
    vmtag="Mailbox"
    />
  <voicemail carrier="Vodafone IT"
    numeric="22210"
    vmnumber="42020"
    vmtag="Casella vocale"
    />
  <voicemail carrier="Vodafone ES"
    numeric="21401"
    vmnumber="177"
    vmtag="Buzón de voz"
    />
  <voicemail carrier="SFR"
    numeric="20810"
    vmnumber="123"
    vmtag="Répondeur"
    />
  <voicemail carrier="Vodafone NL"
    numeric="20404"
    vmnumber="+31654501233"
    vmtag="Voicemail"
    />
  <voicemail carrier="Vodafone AU"
    numeric="50503"
    vmnumber="121"
    vmtag="Voicemail"
    />
  <voicemail carrier="Vodafone NZ"
    numeric="53001"
    vmnumber="+6421700700"
    vmtag="Voicemail"
    />
  <voicemail carrier="Swisscom"
    numeric="22801"
    vmnumber="+41794997979"
    vmtag="Voicemail"
    />
  <voicemail carrier="Mobilkom"
    numeric="23201"
    vmnumber="66477"
    vmtag="Voicemail"
    />
  <voicemail carrier="Vodafone IE"
    numeric="27201"
    vmnumber="171"
    vmtag="Voicemail"
    />
  <voicemail carrier="Vodafone GR"
    numeric="20205"
    vmnumber="121"
    vmtag="Voice Mail"
    />
  <voicemail carrier="Vodafone PT"
    numeric="26801"
    vmnumber="123"
    vmtag="Voice Mail"
    />
  <voicemail carrier="Vodacom"
    numeric="65501"
    vmnumber="121"
    vmtag="Voicemail"
  />
</voicemail>
