<?xml version="1.0" encoding="UTF-8" standalone="yes"?>
<apns version="6">
  <apn carrier="Cosmote Wireless Internet"
      mcc="202"
      mnc="01"
      apn="internet"
      type="default,supl"
  />

  <apn carrier="Cosmote MMS"
      mcc="202"
      mnc="01"
      apn="mms"
      mmsc="http://195.167.65.220:8002"
      mmsproxy="10.10.10.20"
      mmsport="8080"
      type="mms"
  />

  <apn carrier="Vf Internet Corporate"
      mcc="202"
      mnc="05"
      apn="internet"
      user="user"
      password="pass"
      type="default,supl"
  />

  <apn carrier="Vf Internet"
      mcc="202"
      mnc="05"
      apn="internet.vodafone.gr"
      user="user"
      password="pass"
      type="default,supl"
  />

  <apn carrier="Vodafone GR-MMS"
      mcc="202"
      mnc="05"
      apn="mms.vodafone.net"
      user="user"
      password="pass"
      mmsc="http://mms.vodafone.gr"
      mmsproxy="213.249.19.49"
      mmsport="5080"
      type="mms"
  />

  <apn carrier="Vodafone GR"
      mcc="202"
      mnc="05"
      apn="surfonly.vodafone.gr"
      type="default,supl"
  />

  <apn carrier="Q-Telecom MMS GPRS"
      mcc="202"
      mnc="09"
      apn="q-mms.myq.gr"
      mmsc="http://mms.myq.gr"
      mmsproxy="192.168.80.134"
      mmsport="8080"
      type="mms"
  />

  <apn carrier="Wind Internet"
      mcc="202"
      mnc="10"
      apn="gint.b-online.gr"
      user="wap"
      password="wap"
      type="default,supl"
  />

  <apn carrier="Wind MMS"
      mcc="202"
      mnc="10"
      apn="mnet.b-online.gr"
      mmsc="http://192.168.200.95/servlets/mms"
      mmsproxy="192.168.200.11"
      mmsport="9401"
      type="mms"
  />

  <apn carrier="Vodafone NL"
      mcc="204"
      mnc="04"
      apn="live.vodafone.com"
      user="vodafone"
      password="vodafone"
      mmsc="http://mmsc.mms.vodafone.nl"
      mmsproxy="192.168.251.150"
      mmsport="8799"
      type="default,supl,mms"
  />

  <apn carrier="Vodafone MMS Business"
      mcc="204"
      mnc="04"
      apn="office.vodafone.nl"
      user="vodafone"
      password="vodafone"
      mmsc="http://mmsc.mms.vodafone.nl"
      mmsproxy="192.168.251.150"
      mmsport="8799"
      type="mms"
  />

  <apn carrier="KPN"
      mcc="204"
      mnc="08"
      apn="portalmmm.nl"
      mmsc="http://mp.mobiel.kpn/mmsc"
      mmsproxy="10.10.100.20"
      mmsport="5080"
      type="default,supl,mms"
  />

  <apn carrier="Telfort"
      mcc="204"
      mnc="12"
      apn="internet"
      mmsc="http://mp.mobiel.kpn/mmsc"
      mmsproxy="193.113.200.195"
      mmsport="8080"
      type="default,supl,mms"
  />

  <apn carrier="T-Mobile NL"
      mcc="204"
      mnc="16"
      apn="internet"
      type="default,supl"
  />

  <apn carrier="T-Mobile NL MMS"
      mcc="204"
      mnc="16"
      apn="mms"
      user="tmobilemms"
      password="tmobilemms"
      mmsc="http://t-mobilemms"
      mmsproxy="010.010.010.011"
      mmsport="8080"
      type="mms"
  />

  <apn carrier="Internet Access"
      mcc="204"
      mnc="20"
      apn="internet"
      type="default,supl"
  />

  <apn carrier="Orange MMS"
      mcc="204"
      mnc="20"
      apn="mms"
      mmsc="http://mms.orange.nl:8002"
      mmsproxy="10.250.255.183"
      mmsport="5080"
      type="mms"
  />

  <apn carrier="rabo.plus"
      mcc="204"
      mnc="20"
      apn="rabo.plus"
      type="default,supl"
  />

  <apn carrier="Mobistar MMS"
      mcc="206"
      mnc="10"
      apn="mms.be"
      mmsc="http://mmsc.mobistar.be"
      mmsproxy="212.065.063.143"
      mmsport="8080"
      type="mms"
  />

  <apn carrier="Orange World"
      mcc="206"
      mnc="10"
      apn="mworld.be"
      proxy="212.065.063.143"
      port="8080"
      type="default,supl"
  />

  <apn carrier="Base Mobile Internet"
      mcc="206"
      mnc="20"
      apn="gprs.base.be"
      user="base"
      password="base"
      type="default,supl"
  />

  <apn carrier="BASE MMS"
      mcc="206"
      mnc="20"
      apn="mms.base.be"
      user="base"
      password="base"
      mmsc="http://mmsc.base.be"
      mmsproxy="217.72.235.1"
      mmsport="8080"
      type="mms"
  />

  <apn carrier="Virgin"
      mcc="208"
      mnc="01"
      apn="ofnew.fr"
      user="orange"
      password="orange"
      type="default,supl"
  />

  <apn carrier="Orange World"
      mcc="208"
      mnc="01"
      apn="orange"
      user="orange"
      password="orange"
      proxy="192.168.010.100"
      port="8080"
      type="default,supl"
  />

  <apn carrier="Orange MMS"
      mcc="208"
      mnc="01"
      apn="orange.acte"
      user="orange"
      password="orange"
      mmsc="http://mms.orange.fr"
      mmsproxy="192.168.010.200"
      mmsport="8080"
      type="mms"
  />

  <apn carrier="Orange Internet"
      mcc="208"
      mnc="01"
      apn="orange.fr"
      user="orange"
      password="orange"
      type="default,supl"
  />

  <apn carrier="MMS Orange GPRS"
      mcc="208"
      mnc="02"
      apn="orange.acte"
      user="orange"
      password="orange"
      mmsc="http://mms.orange.fr/"
      mmsproxy="192.168.10.200"
      mmsport="8080"
      type="mms"
  />

  <apn carrier="Orange GPRS ISP"
      mcc="208"
      mnc="02"
      apn="orange.fr"
      type="default,supl"
  />

  <apn carrier="SFR-MMS"
      mcc="208"
      mnc="10"
      apn="mmssfr"
      mmsc="http://mms1"
      mmsproxy="10.151.0.1"
      mmsport="8080"
      type="mms"
  />

  <apn carrier="SFR"
      mcc="208"
      mnc="10"
      apn="sl2sfr"
      type="default,supl"
  />

  <apn carrier="SFR Illimytics"
      mcc="208"
      mnc="10"
      apn="wapsfr"
      type="default,supl"
  />

  <apn carrier="ACCESS DATA"
      mcc="208"
      mnc="10"
      apn="websfr"
      type="default,supl"
  />

  <apn carrier="MMS"
      mcc="208"
      mnc="11"
      apn="mmssfr"
      mmsc="http://mms1"
      mmsproxy="10.151.0.1"
      mmsport="8080"
      type="mms"
  />

  <apn carrier="ACCESS DATA"
      mcc="208"
      mnc="11"
      apn="websfr"
      type="default,supl"
  />

  <apn carrier="MMS"
      mcc="208"
      mnc="13"
      apn="mmssfr"
      mmsc="http://mms1"
      mmsproxy="10.151.0.1"
      mmsport="8080"
      type="mms"
  />

  <apn carrier="ACCESS DATA"
      mcc="208"
      mnc="13"
      apn="websfr"
      type="default,supl"
  />

  <apn carrier="Bouygues Pro"
      mcc="208"
      mnc="20"
      apn="a2bouygtel.com"
      type="default,supl,mms"
  />

  <apn carrier="Bouygues Telecom"
      mcc="208"
      mnc="20"
      apn="mmsbouygtel.com"
      mmsc="http://mms.bouyguestelecom.fr/mms/wapenc"
      mmsproxy="62.201.129.226"
      mmsport="8080"
      type="default,supl,mms"
  />

  <apn carrier="BouyguesGPRS ISP"
      mcc="208"
      mnc="21"
      apn="ebouygtel.com"
      type="default,supl"
  />

  <apn carrier="MMS Bouygues"
      mcc="208"
      mnc="21"
      apn="mmsbouygtel.com"
      mmsc="http://mms.bouyguestelecom.fr/mms/wapenc"
      mmsproxy="62.201.129.226"
      mmsport="8080"
      type="mms"
  />

  <apn carrier="BouyguesGPRS ISP"
      mcc="208"
      mnc="88"
      apn="ebouygtel.com"
      type="default,supl"
  />

  <apn carrier="MMS Bouygues"
      mcc="208"
      mnc="88"
      apn="mmsbouygtel.com"
      mmsc="http://mms.bouyguestelecom.fr/mms/wapenc"
      mmsproxy="62.201.129.226"
      mmsport="8080"
      type="mms"
  />

  <apn carrier="Vodafone"
      mcc="214"
      mnc="01"
      apn="airtelwap.es"
      user="wap@wap"
      password="wap125"
      type="default,supl"
  />

  <apn carrier="Vodafone ES-MMS"
      mcc="214"
      mnc="01"
      apn="mms.vodafone.net"
      user="wap@wap"
      password="wap125"
      mmsc="http://mmsc.vodafone.es/servlets/mms"
      mmsproxy="212.73.32.10"
      mmsport="80"
      type="mms"
  />

  <apn carrier="Orange Internet"
      mcc="214"
      mnc="03"
      apn="internet"
      user="orange"
      password="orange"
      type="default,supl"
  />

  <apn carrier="Orange MMS"
      mcc="214"
      mnc="03"
      apn="orangemms"
      user="orange"
      password="orange"
      mmsc="http://mms.orange.es"
      mmsproxy="172.22.188.25"
      mmsport="8080"
      type="mms"
  />

  <apn carrier="Orange World"
      mcc="214"
      mnc="03"
      apn="orangeworld"
      user="orange"
      password="orange"
      proxy="10.132.61.10"
      port="8080"
      type="default,supl"
  />

  <apn carrier="GPRS Connection"
      mcc="214"
      mnc="04"
      apn="internet"
      type="default,supl"
  />

  <apn carrier="Yoigo MMS"
      mcc="214"
      mnc="04"
      apn="mms"
      mmsc="http://mmss/"
      mmsproxy="193.209.134.141"
      mmsport="80"
      type="mms"
  />

  <apn carrier="INTERNET GPRS"
      mcc="214"
      mnc="06"
      apn="airtelnet.es"
      user="vodafone"
      password="vodafone"
      type="default,supl"
  />

  <apn carrier="MMS Vodafone"
      mcc="214"
      mnc="06"
      apn="mms.vodafone.net"
      user="wap@wap"
      password="wap125"
      mmsc="http://mmsc.vodafone.es/servlets/mms"
      mmsproxy="212.73.32.10"
      mmsport="80"
      type="mms"
  />

  <apn carrier="movistar Internet"
      mcc="214"
      mnc="07"
      apn="movistar.es"
      user="MOVISTAR"
      password="MOVISTAR"
      type="default,supl"
  />

  <apn carrier="Telefonica MMS"
      mcc="214"
      mnc="07"
      apn="telefonica.es"
      user="telefonica"
      password="telefonica"
      mmsc="http://mms.movistar.com"
      mmsproxy="10.138.255.5"
      mmsport="8080"
      type="mms"
  />

  <apn carrier="Pannon MMS"
      mcc="216"
      mnc="01"
      apn="mms"
      mmsc="http://mmsc.pgsm.hu/"
      mmsproxy="193.225.154.22"
      mmsport="8080"
      type="mms"
  />

  <apn carrier="Pannon NET GPRS"
      mcc="216"
      mnc="01"
      apn="net"
      type="default,supl"
  />

  <apn carrier="T-Mobile NET GPRS"
      mcc="216"
      mnc="30"
      apn="internet"
      type="default,supl"
  />

  <apn carrier="T-Mobile MMS GPRS"
      mcc="216"
      mnc="30"
      apn="mms"
      user="mms"
      password="mms"
      mmsc="http://mms.t-mobile.hu/servlets/mms"
      mmsproxy="212.51.126.10"
      mmsport="8080"
      type="mms"
  />

  <apn carrier="Vodafone Elofizetes"
      mcc="216"
      mnc="70"
      apn="internet.vodafone.net"
      type="default,supl"
  />

  <apn carrier="MMS Elofizetes"
      mcc="216"
      mnc="70"
      apn="mms.vodafone.net"
      mmsc="http://mms.vodafone.hu/servlets/mms"
      mmsproxy="80.244.97.2"
      mmsport="8080"
      type="mms"
  />

  <apn carrier="T-Mobile HR MMS"
      mcc="219"
      mnc="01"
      apn="mms.htgprs"
      mmsc="http://mms.t-mobile.hr/servlets/mms"
      mmsproxy="010.012.000.004"
      mmsport="8080"
      type="mms"
  />

  <apn carrier="T-Mobile HR"
      mcc="219"
      mnc="01"
      apn="web.htgprs"
      type="default,supl"
  />

  <apn carrier="TIM WEB"
      mcc="222"
      mnc="01"
      apn="ibox.tim.it"
      type="default,supl"
  />

  <apn carrier="NOVERCA MMS"
      mcc="222"
      mnc="01"
      apn="mms.noverca.it"
      mmsc="http://mms.noverca.it/"
      mmsproxy="213.230.130.89"
      mmsport="80"
      type="mms"
  />

  <apn carrier="iTIM"
      mcc="222"
      mnc="01"
      apn="unico.tim.it"
      proxy="213.230.130.89"
      port="80"
      mmsc="http://mms.tim.it/servlets/mms"
      mmsproxy="213.230.130.89"
      mmsport="80"
      type="mms"
  />

  <apn carrier="NOVERCA WEB"
      mcc="222"
      mnc="01"
      apn="web.noverca.it"
      type="default,supl"
  />

  <apn carrier="Vodafone IT-MMS"
      mcc="222"
      mnc="10"
      apn="mms.vodafone.it"
      mmsc="http://mms.vodafone.it/servlets/mms"
      mmsproxy="10.128.224.10"
      mmsport="80"
      type="mms"
  />

  <apn carrier="Vodafone IT"
      mcc="222"
      mnc="10"
      apn="mobile.vodafone.it"
      type="default,supl"
  />

  <apn carrier="Vodafone WEB"
      mcc="222"
      mnc="10"
      apn="web.omnitel.it"
      type="default,supl"
  />

  <apn carrier="WIND Internet"
      mcc="222"
      mnc="88"
      apn="internet.wind"
      type="default,supl"
  />

  <apn carrier="MMS Wind"
      mcc="222"
      mnc="88"
      apn="mms.wind"
      mmsc=" http://mms.wind.it"
      mmsproxy="212.245.244.100"
      mmsport="8080"
      type="mms"
  />

  <apn carrier="Fastweb"
      mcc="222"
      mnc="99"
      apn="apn.fastweb.it"
      mmsc="http://mms.fastweb.it/mms/wapenc"
      mmsproxy="10.0.65.9"
      mmsport="8080"
      type="default,supl,mms"
  />

  <apn carrier="3"
      mcc="222"
      mnc="99"
      apn="tre.it"
      mmsc="http://10.216.59.240:10021/mmsc"
      mmsproxy="62.13.171.3"
      mmsport="8799"
      type="default,supl"
  />

  <apn carrier="Vodafone Internet"
      mcc="226"
      mnc="01"
      apn="internet.vodafone.ro "
      user="internet.vodafone.ro "
      password="vodafone"
      type="default,supl"
  />

  <apn carrier="Vodafone MMS"
      mcc="226"
      mnc="01"
      apn="mms.vodafone.ro"
      user="mms"
      password="vodafone"
      mmsc="http://multimedia/servlets/mms"
      mmsproxy="193.230.161.231"
      mmsport="8080"
      type="mms"
  />

  <apn carrier="Cosmote Internet"
      mcc="226"
      mnc="03"
      apn="internet"
      type="default,supl"
  />

  <apn carrier="Cosmote MMS"
      mcc="226"
      mnc="03"
      apn="mms"
      user="mms"
      password="mms"
      mmsc="http://mmsc1.mms.cosmote.ro:8002"
      mmsproxy="10.252.1.62"
      mmsport="8080"
      type="mms"
  />

  <apn carrier="Orange Internet"
      mcc="226"
      mnc="10"
      apn="internet"
      type="default,supl"
  />

  <apn carrier="Orange MMS"
      mcc="226"
      mnc="10"
      apn="mms"
      user="mms"
      password="mms"
      mmsc="http://wap.mms.orange.ro:8002"
      mmsproxy="62.217.247.252"
      mmsport="8799"
      type="mms"
  />

  <apn carrier="Swisscom-MMS"
      mcc="228"
      mnc="01"
      apn="event.swisscom.ch"
      mmsc="http://mms.natel.ch:8079"
      mmsproxy="192.168.210.2"
      mmsport="8080"
      type="mms"
  />

  <apn carrier="Swisscom"
      mcc="228"
      mnc="01"
      apn="gprs.swisscom.ch"
      type="default,supl"
  />

  <apn carrier="Sunrise"
      mcc="228"
      mnc="02"
      apn="internet"
      user="internet"
      password="internet"
      type="default,supl"
  />

  <apn carrier="Sunrise MMS"
      mcc="228"
      mnc="02"
      apn="mms.sunrise.ch"
      mmsc="http://mmsc.sunrise.ch"
      mmsproxy="212.35.34.75"
      mmsport="8080"
      type="mms"
  />

  <apn carrier="Orange Internet"
      mcc="228"
      mnc="03"
      apn="internet"
      type="default,supl"
  />

  <apn carrier="Orange MMS"
      mcc="228"
      mnc="03"
      apn="mms"
      proxy="192.168.151.2"
      port="8080"
      mmsc="http://192.168.151.3:8002"
      type="mms"
  />

  <apn carrier="T-Mobile CZ"
      mcc="230"
      mnc="01"
      apn="internet.t-mobile.cz"
      user="wap"
      password="wap"
      type="default,supl"
  />

  <apn carrier="T-Mobile CZ MMS"
      mcc="230"
      mnc="01"
      apn="mms.t-mobile.cz"
      user="mms"
      password="mms"
      mmsc="http://mms"
      mmsproxy="10.0.0.10"
      mmsport="80"
      type="mms"
  />

  <apn carrier="O2 internet"
      mcc="230"
      mnc="02"
      apn="internet"
      type="default,supl"
  />

  <apn carrier="O2 MMS"
      mcc="230"
      mnc="02"
      apn="mms"
      mmsc="http://mms.o2active.cz:8002"
      mmsproxy="160.218.160.218"
      mmsport="8080"
      type="mms"
  />

  <apn carrier="GPRS Web"
      mcc="230"
      mnc="03"
      apn="internet"
      type="default,supl"
  />

  <apn carrier="GPRS MMS"
      mcc="230"
      mnc="03"
      apn="mms"
      user="mms"
      password="mms"
      mmsc="http://mms"
      mmsproxy="10.11.10.111"
      mmsport="80"
      type="mms"
  />

  <apn carrier="GPRS Web"
      mcc="230"
      mnc="03"
      apn="ointernet"
      type="default,supl"
  />

  <apn carrier="T-Mobile SK"
      mcc="231"
      mnc="02"
      apn="internet"
      type="default,supl"
  />

  <apn carrier="T-Mobile SK MMS"
      mcc="231"
      mnc="02"
      apn="mms"
      password="mms"
      mmsc="http://mms"
      mmsproxy="192.168.1.1"
      mmsport="8080"
      type="mms"
  />

  <apn carrier="T-Mobile SK"
      mcc="231"
      mnc="04"
      apn="internet"
      type="default,supl"
  />

  <apn carrier="T-Mobile SK MMS"
      mcc="231"
      mnc="04"
      apn="mms"
      password="mms"
      mmsc="http://mms"
      mmsproxy="192.168.001.001"
      mmsport="8080"
      type="mms"
  />

  <apn carrier="Orange Internet"
      mcc="231"
      mnc="05"
      apn="internet"
      type="default,supl"
  />

  <apn carrier="Orange MMS"
      mcc="231"
      mnc="05"
      apn="mms"
      user="wap"
      password="wap"
      mmsc="http://imms.orange.sk"
      mmsproxy="213.151.208.145"
      mmsport="8799"
      type="mms"
  />

  <apn carrier="O2 SK"
      mcc="231"
      mnc="06"
      apn="o2internet"
      type="default,supl"
  />

  <apn carrier="O2 SK MMS"
      mcc="231"
      mnc="06"
      apn="o2mms"
      mmsc="http://mms.o2world.sk:8002"
      mmsproxy="10.97.1.11"
      mmsport="8080"
      type="mms"
  />

  <apn carrier="Mobilkom"
      mcc="232"
      mnc="01"
      apn="a1.net"
      user="ppp@a1plus.at"
      password="ppp"
      type="default,supl"
  />

  <apn carrier="Mobilkom-MMS"
      mcc="232"
      mnc="01"
      apn="free.a1.net"
      user="ppp@a1plus.at"
      password="ppp"
      mmsc="http://mmsc.a1.net"
      mmsproxy="194.48.124.71"
      mmsport="8001"
      type="mms"
  />

  <apn carrier="T-Mobile A"
      mcc="232"
      mnc="03"
      apn="gprsinternet"
      user="t-mobile"
      password="tm"
      type="default,supl"
  />

  <apn carrier="T-Mobile A MMS"
      mcc="232"
      mnc="03"
      apn="gprsmms"
      user="t-mobile"
      password="tm"
      mmsc="http://mmsc.t-mobile.at/servlets/mms"
      mmsproxy="10.12.0.20"
      mmsport="80"
      type="mms"
  />

  <apn carrier="Orange MMS"
      mcc="232"
      mnc="05"
      apn="orange.mms"
      user="mms"
      password="mms"
      mmsc="http://mmsc.orange.at/mms/wapenc"
      mmsproxy="194.24.128.118"
      mmsport="8080"
      type="mms"
  />

  <apn carrier="Orange Web"
      mcc="232"
      mnc="05"
      apn="orange.web"
      user="web"
      password="web"
      type="default,supl"
  />

  <apn carrier="tele.ring MMS"
      mcc="232"
      mnc="07"
      apn="mms"
      user="wap@telering.at"
      password="wap"
      mmsc="http://relay.mms.telering.at"
      mmsproxy="212.095.031.050"
      mmsport="80"
      type="mms"
  />

  <apn carrier="tele.ring"
      mcc="232"
      mnc="07"
      apn="web"
      user="web@telering.at"
      password="web"
      type="default,supl"
  />

  <apn carrier="Planet3"
      mcc="232"
      mnc="10"
      apn="drei.at"
      mmsc="http://mmsc"
      mmsproxy="213.94.78.133"
      mmsport="8799"
      type="default,supl,mms"
  />

  <apn carrier="UBIQUISYS"
      mcc="234"
      mnc="01"
      apn="internet"
      type="default,supl,mms"
  />

  <apn carrier="O2 MOBILE WEB"
      mcc="234"
      mnc="02"
      apn="mobile.o2.co.uk"
      user="O2web"
      password="O2web"
      type="default,supl"
  />

  <apn carrier="O2 MMS Prepay"
      mcc="234"
      mnc="02"
      apn="payandgo.o2.co.uk"
      user="payandgo"
      password="password"
      mmsc="http://mmsc.mms.o2.co.uk:8002"
      mmsproxy="193.113.200.195"
      mmsport="8080"
      type="mms"
  />

  <apn carrier="O2 MMS Postpay"
      mcc="234"
      mnc="02"
      apn="wap.o2.co.uk"
      user="o2wap"
      password="password"
      mmsc="http://mmsc.mms.o2.co.uk:8002"
      mmsproxy="193.113.200.195"
      mmsport="8080"
      type="mms"
  />

  <apn carrier="O2 UK MMS"
      mcc="234"
      mnc="10"
      apn="idata.o2.co.uk"
      user="vertigo"
      password="password"
      mmsc="http://mmsc.mms.o2.co.uk:8002"
      mmsproxy="193.113.200.195"
      mmsport="8080"
      type="mms"
  />

  <apn carrier="O2 UK"
      mcc="234"
      mnc="10"
      apn="mobile.o2.co.uk"
      user="O2web"
      password="O2web"
      type="default,supl"
  />

  <apn carrier="O2 MMS Prepay"
      mcc="234"
      mnc="10"
      apn="payandgo.o2.co.uk"
      user="payandgo"
      password="password"
      mmsc="http://mmsc.mms.o2.co.uk:8002"
      mmsproxy="193.113.200.195"
      mmsport="8080"
      type="mms"
  />

  <apn carrier="O2 MMS Postpay"
      mcc="234"
      mnc="10"
      apn="wap.o2.co.uk"
      user="o2wap"
      password="password"
      mmsc="http://mmsc.mms.o2.co.uk:8002"
      mmsproxy="193.113.200.195"
      mmsport="8080"
      type="mms"
  />

  <apn carrier="O2 MOBILE WEB"
      mcc="234"
      mnc="11"
      apn="mobile.o2.co.uk"
      user="O2web"
      password="O2web"
      type="default,supl"
  />

  <apn carrier="O2 MMS Prepay"
      mcc="234"
      mnc="11"
      apn="payandgo.o2.co.uk"
      user="payandgo"
      password="password"
      mmsc="http://mmsc.mms.o2.co.uk:8002"
      mmsproxy="193.113.200.195"
      mmsport="8080"
      type="mms"
  />

  <apn carrier="O2 MMS Postpay"
      mcc="234"
      mnc="11"
      apn="wap.o2.co.uk"
      user="o2wap"
      password="password"
      mmsc="http://mmsc.mms.o2.co.uk:8002"
      mmsproxy="193.113.200.195"
      mmsport="8080"
      type="mms"
  />

  <apn carrier="Vodafone Post-pay ISP"
      mcc="234"
      mnc="15"
      apn="internet"
      user="web"
      password="web"
      type="default,supl"
  />

  <apn carrier="Vodafone Prepay"
      mcc="234"
      mnc="15"
      apn="pp.vodafone.co.uk"
      user="wap"
      password="wap"
      mmsc="http://mms.vodafone.co.uk/servlets/mms"
      mmsproxy="212.183.137.12"
      mmsport="8799"
      type="default,supl,mms"
  />

  <apn carrier="Vodafone UK"
      mcc="234"
      mnc="15"
      apn="wap.vodafone.co.uk"
      user="wap"
      password="wap"
      mmsc="http://mms.vodafone.co.uk/servlets/mms"
      mmsproxy="212.183.137.12"
      mmsport="8799"
      type="default,supl,mms"
  />

  <apn carrier="3 UK"
      mcc="234"
      mnc="20"
      apn="three.co.uk"
      mmsc="http://mms.um.three.co.uk:10021/mmsc"
      mmsproxy="mms.three.co.uk"
      mmsport="8799"
      type="default,supl,mms"
  />

  <apn carrier="T-Mobile UK"
      mcc="234"
      mnc="30"
      apn="general.t-mobile.uk"
      user="t-mobile"
      password="tm"
      mmsc="http://mmsc.t-mobile.co.uk:8002"
      mmsproxy="149.254.201.135"
      mmsport="8080"
      type="default,supl,mms"
  />

  <apn carrier="Picture Message"
      mcc="234"
      mnc="30"
      apn="general.t-mobile.uk"
      user="user"
      password="wap"
      mmsc="http://mmsc.t-mobile.co.uk:8002"
      mmsproxy="149.254.201.135"
      mmsport="8080"
      type="mms"
  />

  <apn carrier="Orange Internet"
      mcc="234"
      mnc="33"
      apn="orangeinternet"
      type="default,supl"
  />

  <apn carrier="Orange MMS"
      mcc="234"
      mnc="33"
      apn="orangemms"
      mmsc="http://mms.orange.co.uk/"
      mmsproxy="192.168.224.010"
      mmsport="8080"
      type="mms"
  />

  <apn carrier="Orange Internet"
      mcc="234"
      mnc="34"
      apn="orangeinternet"
      type="default,supl"
  />

  <apn carrier="Orange MMS"
      mcc="234"
      mnc="34"
      apn="orangemms"
      mmsc="http://mms.orange.co.uk/"
      mmsproxy="192.168.224.010"
      mmsport="8080"
      type="mms"
  />

  <apn carrier="Jersey Telecom"
      mcc="234"
      mnc="50"
      apn="mms"
      user="mms"
      password="mms"
      mmsc="http://mms.surfmail.com/mmsc"
      mmsproxy="212.9.19.199"
      mmsport="3130"
      type="mms"
  />

  <apn carrier="pepperWEB (Jersey)"
      mcc="234"
      mnc="50"
      apn="pepper"
      type="default,supl"
  />

  <apn carrier="C&amp;W Guernsey Internet"
      mcc="234"
      mnc="55"
      apn="internet"
      type="default,supl"
  />

  <apn carrier="Sure Picture Messaging"
      mcc="234"
      mnc="55"
      apn="mms"
      mmsc="http://mmsc.gprs.cw.com/"
      mmsproxy="10.0.3.101"
      mmsport="80"
      type="mms"
  />

  <apn carrier="3G HSDPA"
      mcc="234"
      mnc="58"
      apn="3gpronto"
      type="default,supl"
  />

  <apn carrier="Manx Telecom Contract MMS"
      mcc="234"
      mnc="58"
      apn="mms.manxpronto.net"
      user="mms"
      password="mms"
      mmsc="http://mms.manxpronto.net:8002"
      mmsproxy="195.10.99.46"
      mmsport="8080"
      type="mms"
  />

  <apn carrier="Manx Telecom Prepay MMS"
      mcc="234"
      mnc="58"
      apn="mms.prontogo.net"
      user="mmsgo"
      password="mmsgo"
      mmsc="http://mms.manxpronto.net:8002"
      mmsproxy="195.10.99.41"
      mmsport="8080"
      type="mms"
  />

  <apn carrier="Manx Telecom Contract WEB"
      mcc="234"
      mnc="58"
      apn="web.manxpronto.net"
      user="gprs"
      password="gprs"
      type="default,supl"
  />

  <apn carrier="TDC MMS"
      mcc="238"
      mnc="01"
      apn="mms"
      mmsc="http://192.168.241.114:8002"
      mmsproxy="194.182.251.15"
      mmsport="8080"
      type="mms"
  />

  <apn carrier="TDC WAP"
      mcc="238"
      mnc="01"
      apn="wap"
      proxy="194.182.251.15"
      port="8080"
      type="default,supl"
  />

  <apn carrier="Telenor Internet"
      mcc="238"
      mnc="02"
      apn="Internet"
      type="default,supl"
  />

  <apn carrier="Telenor MMS"
      mcc="238"
      mnc="02"
      apn="telenor"
      mmsc="http://mms.telenor.dk"
      mmsproxy="212.88.64.8"
      mmsport="8080"
      type="mms"
  />

  <apn carrier="3 Danmark"
      mcc="238"
      mnc="06"
      apn="data.tre.dk"
      mmsc="http://mms.3.dk/"
      mmsproxy="172.16.1.25"
      mmsport="8799"
      type="default,supl,mms"
  />

  <apn carrier="Telia Internet"
      mcc="238"
      mnc="20"
      apn="www.internet.mtelia.dk"
      type="default,supl"
  />

  <apn carrier="Telia MMS"
      mcc="238"
      mnc="20"
      apn="www.mms.mtelia.dk"
      mmsc="http://mms.telia.dk"
      mmsproxy="193.209.134.131"
      mmsport="8080"
      type="mms"
  />

  <apn carrier="Telenor Internet"
      mcc="238"
      mnc="77"
      apn="Internet"
      type="default,supl"
  />

  <apn carrier="Telenor MMS"
      mcc="238"
      mnc="77"
      apn="telenor"
      mmsc="http://mms.telenor.dk"
      mmsproxy="212.88.64.8"
      mmsport="8080"
      type="mms"
  />

  <apn carrier="Telia MMS"
      mcc="240"
      mnc="01"
      apn="mms.telia.se"
      mmsc="http://mmss/"
      mmsproxy="193.209.134.132"
      mmsport="8080"
      type="mms"
  />

  <apn carrier="Telia Online"
      mcc="240"
      mnc="01"
      apn="online.telia.se"
      proxy="10.254.254.254"
      port="8080"
      type="default,supl"
  />

  <apn carrier="Halebop Internet"
      mcc="240"
      mnc="017"
      apn="halebop.telia.se"
      type="default,supl"
  />

  <apn carrier="Halebop MMS"
      mcc="240"
      mnc="017"
      apn="mms.telia.se"
      user="mms"
      password="telia"
      mmsc="http://mmss"
      mmsproxy="193.209.134.132"
      mmsport="9201"
      type="mms"
  />

  <apn carrier="3"
      mcc="240"
      mnc="02"
      apn="data.tre.se"
      mmsc="http://mms.tre.se"
      mmsproxy="mmsproxy.tre.se"
      mmsport="8799"
      type="default,supl,mms"
  />

  <apn carrier="Telenor Mobilsurf"
      mcc="240"
      mnc="04"
      apn="services.telenor.se"
      proxy="172.30.253.241"
      port="8799"
      type="default,supl"
  />

  <apn carrier="Telenor MMS"
      mcc="240"
      mnc="04"
      apn="services.telenor.se"
      mmsc="http://mms"
      mmsproxy="172.30.253.241"
      mmsport="8799"
      type="mms"
  />

  <apn carrier="Telenor MMS"
      mcc="240"
      mnc="06"
      apn="services.telenor.se"
      mmsc="http://mms"
      mmsproxy="173.30.253.241"
      mmsport="8799"
      type="mms"
  />

  <apn carrier="Telenor Mobilsurf"
      mcc="240"
      mnc="06"
      apn="services.telenor.se"
      proxy="173.30.253.241"
      port="8799"
      type="default,supl"
  />

  <apn carrier="Tele2"
      mcc="240"
      mnc="07"
      apn="internet.tele2.se"
      mmsc="http://mmsc.tele2.se"
      mmsproxy="130.244.202.30"
      mmsport="8080"
      type="default,supl,mms"
  />

  <apn carrier="Telenor Mobilsurf"
      mcc="240"
      mnc="08"
      apn="services.telenor.se"
      proxy="172.30.253.241"
      port="8799"
      type="default,supl"
  />

  <apn carrier="Telenor MMS"
      mcc="240"
      mnc="08"
      apn="services.telenor.se"
      mmsc="http://mms"
      mmsproxy="172.30.253.241"
      mmsport="8799"
      type="mms"
  />

  <apn carrier="Telenor MMS"
      mcc="240"
      mnc="09"
      apn="services.telenor.se"
      mmsc="http://mms"
      mmsproxy="173.30.253.241"
      mmsport="8799"
      type="mms"
  />

  <apn carrier="TelenorMobilsurf"
      mcc="240"
      mnc="09"
      apn="services.telenor.se"
      proxy="173.30.253.241"
      port="8799"
      type="default,supl"
  />

  <apn carrier="Spring data"
      mcc="240"
      mnc="10"
      apn="data.springmobil.se"
      type="default,supl"
  />

  <apn carrier="Spring MMS"
      mcc="240"
      mnc="10"
      apn="mms.springmobil.se"
      mmsc="http://mms.springmobil.se"
      mmsproxy="213.88.184.37"
      mmsport="8080"
      type="mms"
  />

  <apn carrier="Telenor MMS"
      mcc="242"
      mnc="01"
      apn="mms"
      mmsc="http://mmsc/"
      mmsproxy="10.10.10.11"
      mmsport="8080"
      type="mms"
  />

  <apn carrier="Telenor Internett"
      mcc="242"
      mnc="01"
      apn="telenor"
      type="default,supl"
  />

  <apn carrier="NetCom MMS"
      mcc="242"
      mnc="02"
      apn="mms.netcom.no"
      user="mms"
      password="netcom"
      mmsc="http://mm/"
      mmsproxy="212.169.66.4"
      mmsport="80"
      type="mms"
  />

  <apn carrier="NetCom Internett"
      mcc="242"
      mnc="02"
      apn="netcom"
      proxy="10.254.254.10"
      port="8080"
      type="default,supl"
  />

  <apn carrier="Tele2 Internett"
      mcc="242"
      mnc="04"
      apn="internet.tele2.no"
      type="default,supl"
  />

  <apn carrier="Tele2 MMS"
      mcc="242"
      mnc="04"
      apn="internet.tele2.no "
      mmsc="http://mmsc.tele2.no"
      mmsproxy="193.012.040.014"
      mmsport="8080"
      type="mms"
  />

  <apn carrier="OneCall Internet"
      mcc="242"
      mnc="05"
      apn="internet"
      type="default,supl"
  />

  <apn carrier="OneCall MMS"
      mcc="242"
      mnc="05"
      apn="mms"
      mmsc="http://mms.nwn.no"
      mmsproxy="89.254.65.20"
      mmsport="80"
      type="mms"
  />

  <apn carrier="DNA Internet"
      mcc="244"
      mnc="03"
      apn="internet"
      type="default,supl"
  />

  <apn carrier="DNA MMS"
      mcc="244"
      mnc="03"
      apn="mms"
      user="dna"
      password="mms"
      mmsc="http://mmsc.dnafinland.fi/"
      mmsproxy="10.1.1.2"
      mmsport="8080"
      type="mms"
  />

  <apn carrier="DNA Internet"
      mcc="244"
      mnc="04"
      apn="internet"
      type="default,supl"
  />

  <apn carrier="DNA MMS"
      mcc="244"
      mnc="04"
      apn="mms"
      user="dna"
      password="mms"
      mmsc="http://mmsc.dnafinland.fi/"
      mmsproxy="10.1.1.2"
      mmsport="8080"
      type="mms"
  />

  <apn carrier="Elisa Internet"
      mcc="244"
      mnc="05"
      apn="internet"
      type="default,supl"
  />

  <apn carrier="Elisa MMS"
      mcc="244"
      mnc="05"
      apn="mms"
      mmsc="http://mms.elisa.fi"
      mmsproxy="213.161.41.57"
      mmsport="9201"
      type="mms"
  />

  <apn carrier="TDC Internet"
      mcc="244"
      mnc="10"
      apn="internet.song.fi"
      user="song@internet"
      password="songnet"
      type="default,supl"
  />

  <apn carrier="TDC MMS"
      mcc="244"
      mnc="10"
      apn="mms.song.fi"
      mmsc="http://mms.song.fi"
      mmsproxy="213.161.41.58"
      mmsport="80"
      type="mms"
  />

  <apn carrier="DNA Internet"
      mcc="244"
      mnc="12"
      apn="internet"
      type="default,supl"
  />

  <apn carrier="DNA MMS"
      mcc="244"
      mnc="12"
      apn="mms"
      user="dna"
      password="mms"
      mmsc="http://mmsc.dnafinland.fi/"
      mmsproxy="10.1.1.2"
      mmsport="8080"
      type="mms"
  />

  <apn carrier="DNA Internet"
      mcc="244"
      mnc="13"
      apn="internet"
      type="default,supl"
  />

  <apn carrier="DNA MMS"
      mcc="244"
      mnc="13"
      apn="mms"
      user="dna"
      password="mms"
      mmsc="http://mmsc.dnafinland.fi/"
      mmsproxy="10.1.1.2"
      mmsport="8080"
      type="mms"
  />

  <apn carrier="Saunalahti Internet"
      mcc="244"
      mnc="21"
      apn="internet.saunalahti"
      type="default,supl"
  />

  <apn carrier="Saunalahti MMS"
      mcc="244"
      mnc="21"
      apn="mms.saunalahti.fi"
      mmsc="http://mms.saunalahti.fi:8002/"
      mmsproxy="62.142.4.197"
      mmsport="9201"
      type="mms"
  />

  <apn carrier="TeliaSonera Internet"
      mcc="244"
      mnc="91"
      apn="internet"
      type="default,supl"
  />

  <apn carrier="TeliaSonera MMS"
      mcc="244"
      mnc="91"
      apn="wap.sonera.net"
      mmsc="http://mms.sonera.net:8002/"
      mmsproxy="195.156.25.33"
      mmsport="9201"
      type="mms"
  />

  <apn carrier="Omnitel MMS"
      mcc="246"
      mnc="01"
      apn="gprs.mms.lt"
      user="mms"
      password="mms"
      mmsc="http://mms.omnitel.net:8002/"
      mmsproxy="194.176.32.149"
      mmsport="8080"
      type="mms"
  />

  <apn carrier="Omnitel Internet"
      mcc="246"
      mnc="01"
      apn="omnitel"
      user="omni"
      password="omni"
      type="default,supl"
  />

  <apn carrier="Bite LT Internet"
      mcc="246"
      mnc="02"
      apn="banga"
      type="default,supl"
  />

  <apn carrier="Bite LT MMS"
      mcc="246"
      mnc="02"
      apn="mms"
      mmsc="http://mmsc"
      mmsproxy="192.168.150.2"
      mmsport="8080"
      type="mms"
  />

  <apn carrier="Tele2 Internet LT"
      mcc="246"
      mnc="03"
      apn="internet.tele2.lt"
      proxy="130.244.196.090"
      port="8080"
      type="default,supl"
  />

  <apn carrier="Tele2 MMS LT"
      mcc="246"
      mnc="03"
      apn="mms.tele2.lt"
      mmsc="http://mmsc.tele2.lt/"
      mmsproxy="193.012.040.029"
      mmsport="8080"
      type="mms"
  />

  <apn carrier="LMT Internet"
      mcc="247"
      mnc="01"
      apn="internet.lmt.lv"
      user="lmt"
      password="lmt"
      type="default,supl"
  />

  <apn carrier="LMT MMS"
      mcc="247"
      mnc="01"
      apn="mms.lmt.lv"
      mmsc="http://mmsc.lmt.lv/mmsc"
      mmsport="8080"
      type="mms"
  />

  <apn carrier="Tele2 Internet LV"
      mcc="247"
      mnc="02"
      apn="internet.tele2.lv"
      user="wap"
      password="wap"
      proxy="130.244.196.090"
      port="8080"
      type="default,supl"
  />

  <apn carrier="Tele2 MMS LV"
      mcc="247"
      mnc="02"
      apn="mms.tele2.lv"
      user="wap"
      password="wap"
      mmsc="http://mmsc.tele2.lv/"
      mmsproxy="193.012.040.038"
      mmsport="8080"
      type="mms"
  />

  <apn carrier="Bite LV Internet"
      mcc="247"
      mnc="05"
      apn="internet"
      type="default,supl"
  />

  <apn carrier="Bite MMS"
      mcc="247"
      mnc="05"
      apn="mms"
      mmsc="http://mmsc"
      mmsproxy="192.168.150.2"
      mmsport="8080"
      type="mms"
  />

  <apn carrier="EMT Internet"
      mcc="248"
      mnc="01"
      apn="internet.emt.ee"
      type="default,supl"
  />

  <apn carrier="EMT MMS"
      mcc="248"
      mnc="01"
      apn="mms.emt.ee"
      mmsc="http://mms.emt.ee/servlets/mms"
      mmsproxy="217.71.32.82"
      mmsport="8080"
      type="mms"
  />

  <apn carrier="Tele2 Internet"
      mcc="248"
      mnc="03"
      apn="internet.tele2.ee"
      type="default,supl"
  />

  <apn carrier="Tele2 MMS"
      mcc="248"
      mnc="03"
      apn="mms.tele2.ee"
      mmsc="http://mmsc.tele2.ee"
      mmsproxy="193.12.040.006"
      mmsport="8080"
      type="mms"
  />

  <apn carrier="МТС-интернет"
      mcc="250"
      mnc="01"
      apn="internet.mts.ru"
      user="mts"
      password="mts"
      type="default,supl"
  />

  <apn carrier="МТС Центр MMS"
      mcc="250"
      mnc="01"
      apn="mms.mts.ru"
      user="mts"
      password="mts"
      mmsc="http://mmsc"
      mmsproxy="192.168.192.192"
      mmsport="8080"
      type="mms"
  />

  <apn carrier="Megafon internet"
      mcc="250"
      mnc="02"
      apn="internet"
      user="gdata"
      password="gdata"
      type="default,supl"
  />

  <apn carrier="Megafon MMS"
      mcc="250"
      mnc="02"
      apn="mms"
      user="mms"
      password="mms"
      mmsc="http://mmsc:8002"
      mmsproxy="10.10.10.10"
      mmsport="8080"
      type="mms"
  />

  <apn carrier="NCC"
      mcc="250"
      mnc="03"
      apn="mms"
      mmsc="http://10.0.3.50"
      mmsproxy="10.0.3.20"
      mmsport="8080"
      type="mms"
  />

  <apn carrier="МТС-интернет"
      mcc="250"
      mnc="04"
      apn="internet.mts.ru"
      user="mts"
      password="mts"
      type="default,supl"
  />

  <apn carrier="МТС Центр MMS"
      mcc="250"
      mnc="04"
      apn="mms.mts.ru"
      user="mts"
      password="mts"
      mmsc="http://mmsc"
      mmsproxy="192.168.192.192"
      mmsport="8080"
      type="mms"
  />

  <apn carrier="МТС-интернет"
      mcc="250"
      mnc="05"
      apn="internet.mts.ru"
      user="mts"
      password="mts"
      type="default,supl"
  />

  <apn carrier="МТС Центр MMS"
      mcc="250"
      mnc="05"
      apn="mms.mts.ru"
      user="mts"
      password="mts"
      mmsc="http://mmsc"
      mmsproxy="192.168.192.192"
      mmsport="8080"
      type="mms"
  />

  <apn carrier="internet"
      mcc="250"
      mnc="07"
      apn="internet.smarts.ru"
      user="any"
      password="any"
      type="default,supl"
  />

  <apn carrier="mms"
      mcc="250"
      mnc="07"
      apn="mms.smarts.ru"
      user="wap"
      password="wap"
      mmsc="http://172.24.120.135/mms/wapenc"
      mmsproxy="172.24.128.5"
      mmsport="8080"
      type="mms"
  />

  <apn carrier="МТС-интернет"
      mcc="250"
      mnc="10"
      apn="internet.mts.ru"
      user="mts"
      password="mts"
      type="default,supl"
  />

  <apn carrier="МТС Центр MMS"
      mcc="250"
      mnc="10"
      apn="mms.mts.ru"
      user="mts"
      password="mts"
      mmsc="http://mmsc"
      mmsproxy="192.168.192.192"
      mmsport="8080"
      type="mms"
  />

  <apn carrier="Beeline internet"
      mcc="250"
      mnc="11"
      apn="internet.beeline.ru"
      user="beeline"
      password="beeline"
      type="default,supl"
  />

  <apn carrier="Beeline MMS"
      mcc="250"
      mnc="11"
      apn="mms.beeline.ru"
      user="beeline"
      password="beeline"
      mmsc="http://mms/"
      mmsproxy="192.168.094.023"
      mmsport="8080"
      type="mms"
  />

  <apn carrier="GPRS-Internet"
      mcc="250"
      mnc="12"
      apn="inet.bwc.ru"
      user="bwc"
      password="bwc"
      type="default,supl"
  />

  <apn carrier="BWC MMS"
      mcc="250"
      mnc="12"
      apn="mms.bwc.ru"
      user="bwc"
      password="bwc"
      mmsc="http://mmsc/mms"
      mmsproxy="10.10.17.2"
      mmsport="8080"
      type="mms"
  />

  <apn carrier="МТС-интернет"
      mcc="250"
      mnc="13"
      apn="internet.mts.ru"
      user="mts"
      password="mts"
      type="default,supl"
  />

  <apn carrier="МТС Центр MMS"
      mcc="250"
      mnc="13"
      apn="mms.mts.ru"
      user="mts"
      password="mts"
      mmsc="http://mmsc"
      mmsproxy="192.168.192.192"
      mmsport="8080"
      type="mms"
  />

  <apn carrier="MMS"
      mcc="250"
      mnc="16"
      apn="mms.ntc"
      mmsc="http://mmsc.vntc.ru/was"
      mmsproxy="80.243.64.68"
      mmsport="8080"
      type="mms"
  />

  <apn carrier="Internet"
      mcc="250"
      mnc="17"
      apn="internet.usi.ru"
      type="default,supl"
  />

  <apn carrier="MMS"
      mcc="250"
      mnc="17"
      apn="mms.usi.ru"
      mmsc="http://mms"
      mmsproxy="192.168.168.192"
      mmsport="8080"
      type="mms"
  />

  <apn carrier="МТС-интернет"
      mcc="250"
      mnc="39"
      apn="internet.mts.ru"
      user="mts"
      password="mts"
      type="default,supl"
  />

  <apn carrier="МТС Центр MMS"
      mcc="250"
      mnc="39"
      apn="mms.mts.ru"
      user="mts"
      password="mts"
      mmsc="http://mmsc"
      mmsproxy="192.168.192.192"
      mmsport="8080"
      type="mms"
  />

  <apn carrier="Beeline internet"
      mcc="250"
      mnc="44"
      apn="internet.beeline.ru"
      user="beeline"
      password="beeline"
      type="default,supl"
  />

  <apn carrier="Beeline MMS"
      mcc="250"
      mnc="44"
      apn="mms.beeline.ru"
      user="beeline"
      password="beeline"
      mmsc="http://mms/"
      mmsproxy="192.168.094.023"
      mmsport="8080"
      type="mms"
  />

  <apn carrier="МТС-интернет"
      mcc="250"
      mnc="92"
      apn="internet.mts.ru"
      user="mts"
      password="mts"
      type="default,supl"
  />

  <apn carrier="МТС Центр MMS"
      mcc="250"
      mnc="92"
      apn="mms.mts.ru"
      user="mts"
      password="mts"
      mmsc="http://mmsc"
      mmsproxy="192.168.192.192"
      mmsport="8080"
      type="mms"
  />

  <apn carrier="МТС-интернет"
      mcc="250"
      mnc="93"
      apn="internet.mts.ru"
      user="mts"
      password="mts"
      type="default,supl"
  />

  <apn carrier="МТС Центр MMS"
      mcc="250"
      mnc="93"
      apn="mms.mts.ru"
      user="mts"
      password="mts"
      mmsc="http://mmsc"
      mmsproxy="192.168.192.192"
      mmsport="8080"
      type="mms"
  />

  <apn carrier="Beeline internet"
      mcc="250"
      mnc="99"
      apn="internet.beeline.ru"
      user="beeline"
      password="beeline"
      type="default,supl"
  />

  <apn carrier="Beeline MMS"
      mcc="250"
      mnc="99"
      apn="mms.beeline.ru"
      user="beeline"
      password="beeline"
      mmsc="http://mms/"
      mmsproxy="192.168.094.023"
      mmsport="8080"
      type="mms"
  />

  <apn carrier="MTS-MMS"
      mcc="255"
      mnc="01"
      apn="mms"
      mmsc="http://mmsc:8002"
      mmsproxy="192.168.010.010"
      mmsport="8080"
      type="mms"
  />

  <apn carrier="MTS-internet"
      mcc="255"
      mnc="01"
      apn="www.mts.com.ua"
      type="default,supl"
  />

  <apn carrier="Beeline-internet"
      mcc="255"
      mnc="02"
      apn="internet.beeline.ua"
      type="default,supl"
  />

  <apn carrier="Beeline-MMS"
      mcc="255"
      mnc="02"
      apn="mms.beeline.ua"
      mmsc="http://mms/"
      mmsproxy="10.11.8.18"
      mmsport="8080"
      type="mms"
  />

  <apn carrier="Kyivstar MMS"
      mcc="255"
      mnc="03"
      apn="mms.kyivstar.net"
      user="mms"
      password="mms"
      mmsc="http://mms.kyivstar.net"
      mmsproxy="010.010.010.010"
      mmsport="8080"
      type="mms"
  />

  <apn carrier="Kyivstar-internet"
      mcc="255"
      mnc="03"
      apn="www.kyivstar.net"
      user="igprs"
      password="internet"
      type="default,supl"
  />

  <apn carrier="life:) internet"
      mcc="255"
      mnc="06"
      apn="internet"
      type="default,supl"
  />

  <apn carrier="life:) MMS"
      mcc="255"
      mnc="06"
      apn="mms"
      mmsc="http://mms.life.com.ua/cmmsc/post"
      mmsproxy="212.58.162.230"
      mmsport="8080"
      type="mms"
  />

  <apn carrier="Utel"
      mcc="255"
      mnc="07"
      apn="3g.utel.ua"
      mmsc="http://10.212.1.4/mms/wapenc"
      mmsproxy="10.212.3.148"
      mmsport="8080"
      type="default,supl,mms"
  />

  <apn carrier="Plus Internet"
      mcc="260"
      mnc="01"
      apn="internet"
      type="default,supl"
  />

  <apn carrier="Plus MMS"
      mcc="260"
      mnc="01"
      apn="mms.plusgsm.pl"
      mmsc="http://mms.plusgsm.pl:8002"
      mmsproxy="212.2.96.16"
      mmsport="8080"
      type="mms"
  />

  <apn carrier="ERA Internet"
      mcc="260"
      mnc="02"
      apn="erainternet"
      user="erainternet"
      password="erainternet"
      type="default,supl"
  />

  <apn carrier="Era MMS"
      mcc="260"
      mnc="02"
      apn="eramms"
      user="eramms"
      password="eramms"
      mmsc="http://mms.era.pl/servlets/mms"
      mmsproxy="213.158.194.226"
      mmsport="8080"
      type="mms"
  />

  <apn carrier="heyahinternet"
      mcc="260"
      mnc="02"
      apn="heyah.pl"
      user="heyah"
      password="heyah"
      type="default,supl"
  />

  <apn carrier="heyahmms"
      mcc="260"
      mnc="02"
      apn="heyahmms"
      user="heyah"
      password=" heyah"
      mmsc="http://mms.heyah.pl/servlets/mms"
      mmsproxy="213.158.194.226"
      mmsport="8080"
      type="mms"
  />

  <apn carrier="Orange Internet"
      mcc="260"
      mnc="03"
      apn="internet"
      user="ppp"
      password="ppp"
      type="default,supl"
  />

  <apn carrier="MMS Orange"
      mcc="260"
      mnc="03"
      apn="mms"
      user="mms"
      password="mms"
      mmsc="http://mms.orange.pl"
      mmsproxy="192.168.6.104"
      mmsport="8080"
      type="mms"
  />

  <apn carrier="P4 Internet"
      mcc="260"
      mnc="06"
      apn="internet"
      type="default,supl"
  />

  <apn carrier="P4 MMS"
      mcc="260"
      mnc="06"
      apn="mms"
      mmsc="http://10.10.28.164/mms/wapenc"
      mmsproxy="10.10.25.5"
      mmsport="8080"
      type="mms"
  />

  <apn carrier="T-Mobile D"
      mcc="262"
      mnc="01"
      apn="internet.t-mobile"
      user="t-mobile"
      password="tm"
      mmsc="http://mms.t-mobile.de/servlets/mms"
      mmsproxy="172.28.23.131"
      mmsport="8008"
      type="default,supl,mms"
  />

  <apn carrier="Vodafone DE-MMS"
      mcc="262"
      mnc="02"
      apn="event.vodafone.de"
      mmsc="http://139.7.24.1/servlets/mms"
      mmsproxy="139.7.29.17"
      mmsport="80"
      type="mms"
  />

  <apn carrier="Vodafone DE"
      mcc="262"
      mnc="02"
      apn="web.vodafone.de"
      type="default,supl"
  />

  <apn carrier="E-Plus Web GPRS"
      mcc="262"
      mnc="03"
      apn="internet.eplus.de"
      user="eplus"
      password="internet"
      type="default,supl"
  />

  <apn carrier="E-Plus MMS"
      mcc="262"
      mnc="03"
      apn="mms.eplus.de"
      user="mms"
      password="eplus"
      mmsc="http://mms/eplus/"
      mmsproxy="212.23.97.153"
      mmsport="5080"
      type="mms"
  />

  <apn carrier="E-Plus WAP GPRS"
      mcc="262"
      mnc="03"
      apn="wap.eplus.de"
      proxy="212.23.97.9"
      port="8080"
      type="default,supl,mms"
  />

  <apn carrier="Vodafone DE-MMS"
      mcc="262"
      mnc="04"
      apn="event.vodafone.de"
      mmsc="http://139.7.24.1/servlets/mms"
      mmsproxy="139.7.29.17"
      mmsport="80"
      type="mms"
  />

  <apn carrier="Vodafone DE"
      mcc="262"
      mnc="04"
      apn="web.vodafone.de"
      type="default,supl"
  />

  <apn carrier="E-Plus Web GPRS"
      mcc="262"
      mnc="05"
      apn="internet.eplus.de"
      user="eplus"
      password="internet"
      type="default,supl"
  />

  <apn carrier="E-Plus MMS"
      mcc="262"
      mnc="05"
      apn="mms.eplus.de"
      user="mms"
      password="eplus"
      mmsc="http://mms/eplus/"
      mmsproxy="212.23.97.153"
      mmsport="5080"
      type="mms"
  />

  <apn carrier="T-Mobile Internet"
      mcc="262"
      mnc="06"
      apn="internet.t-mobile"
      user="t-mobile"
      password="tm"
      mmsc="http://mms.t-mobile.de/servlets/mms"
      mmsproxy="172.28.23.131"
      mmsport="8008"
      type="default,supl,mms"
  />

  <apn carrier="o2"
      mcc="262"
      mnc="07"
      apn="internet"
      mmsc="http://10.81.0.7:8002"
      mmsproxy="82.113.100.5"
      mmsport="8080"
      type="default,supl,mms"
  />

  <apn carrier="o2"
      mcc="262"
      mnc="08"
      apn="internet"
      mmsc="http://10.81.0.7:8002"
      mmsproxy="82.113.100.5"
      mmsport="8080"
      type="default,supl,mms"
  />

  <apn carrier="Vodafone DE-MMS"
      mcc="262"
      mnc="09"
      apn="event.vodafone.de"
      mmsc="http://139.7.24.1/servlets/mms"
      mmsproxy="139.7.29.17"
      mmsport="80"
      type="mms"
  />

  <apn carrier="Vodafone DE"
      mcc="262"
      mnc="09"
      apn="web.vodafone.de"
      type="default,supl"
  />

  <apn carrier="o2"
      mcc="262"
      mnc="11"
      apn="internet"
      mmsc="http://10.81.0.7:8002"
      mmsproxy="82.113.100.5"
      mmsport="8080"
      type="default,supl,mms"
  />

  <apn carrier="Vodafone PT-MMS"
      mcc="268"
      mnc="01"
      apn="mms.vodafone.net"
      user="vas"
      password="vas"
      mmsc="http://mms/servlets/mms"
      mmsproxy="213.30.27.63"
      mmsport="8799"
      type="mms"
  />

  <apn carrier="Vodafone PT"
      mcc="268"
      mnc="01"
      apn="net2.vodafone.pt"
      user="vodafone"
      password="vodafone"
      type="default,supl"
  />

  <apn carrier="Vodafone MMS"
      mcc="268"
      mnc="01"
      apn="vas.vodafone.pt"
      user="vas"
      password="vas"
      mmsc="http://mms/servlets/mms "
      mmsproxy="213.030.027.063 "
      mmsport="8799"
      type="mms"
  />

  <apn carrier="Optimus"
      mcc="268"
      mnc="03"
      apn="umts"
      mmsc="http://mmsc:10021/mmsc"
      mmsproxy="062.169.066.005"
      mmsport="8799"
      type="default,supl,mms"
  />

  <apn carrier="tmn internet"
      mcc="268"
      mnc="06"
      apn="internet"
      type="default,supl"
  />

  <apn carrier="mms tmn"
      mcc="268"
      mnc="06"
      apn="mmsc.tmn.pt"
      user="tmn"
      password="tmnnet"
      mmsc="http://mmsc/"
      mmsproxy="10.111.002.016"
      mmsport="8080"
      type="mms"
  />

  <apn carrier="Vodafone IE"
      mcc="272"
      mnc="01"
      apn="live.vodafone.com"
      type="default,supl"
  />

  <apn carrier="Vodafone IE-MMS"
      mcc="272"
      mnc="01"
      apn="mms.vodafone.net"
      mmsc="http://www.vodafone.ie/mms"
      mmsproxy="10.24.59.200"
      mmsport="80"
      type="mms"
  />

  <apn carrier="O2 Ireland"
      mcc="272"
      mnc="02"
      apn="internet"
      mmsc="http://mmsc.mms.o2.ie:8002"
      mmsproxy="62.40.32.40"
      mmsport="8080"
      type="default,supl,mms"
  />

  <apn carrier="Meteor Data"
      mcc="272"
      mnc="03"
      apn="data.mymeteor.ie"
      type="default,supl"
  />

  <apn carrier="Meteor MMS"
      mcc="272"
      mnc="03"
      apn="mms.mymeteor.ie"
      user="my"
      password="wap"
      proxy="010.085.085.085"
      port="8799"
      mmsc="http://mms.mymeteor.ie"
      mmsproxy="010.085.085.085"
      mmsport="8799"
      type="mms"
  />

  <apn carrier="3 Ireland"
      mcc="272"
      mnc="05"
      apn="3ireland.ie"
      mmsc="http://mms.um.3ireland.ie:10021/mmsc"
      mmsproxy="mms.3ireland.ie"
      mmsport="8799"
      type="default,supl,mms"
  />

  <apn carrier="Siminn Internet"
      mcc="274"
      mnc="01"
      apn="internet"
      type="default,supl"
  />

  <apn carrier="Siminn MMS"
      mcc="274"
      mnc="01"
      apn="mms.simi.is"
      mmsc="http://mms.simi.is/servlets/mms"
      mmsproxy="213.167.138.200"
      mmsport="8080"
      type="mms"
  />

  <apn carrier="Vodafone Internet"
      mcc="274"
      mnc="02"
      apn="gprs.is"
      type="default,supl"
  />

  <apn carrier="Vodafone MMS"
      mcc="274"
      mnc="02"
      apn="mms.gprs.is"
      mmsc="http://mmsc.vodafone.is"
      mmsproxy="10.22.0.10"
      mmsport="8080"
      type="mms"
  />

  <apn carrier="MMS Nova"
      mcc="274"
      mnc="11"
      apn="mms.nova.is"
      mmsc="http://mmsc.nova.is"
      mmsproxy="10.10.2.60"
      mmsport="8080"
      type="mms"
  />

  <apn carrier="Net Nova"
      mcc="274"
      mnc="11"
      apn="net.nova.is"
      type="default,supl"
  />

  <apn carrier="Turkcell Internet"
      mcc="286"
      mnc="01"
      apn="internet"
      type="default,supl"
  />

  <apn carrier="Turkcell MMS"
      mcc="286"
      mnc="01"
      apn="mms"
      user="mms"
      password="mms"
      mmsc="http://mms.turkcell.com.tr/servlets/mms"
      mmsproxy="212.252.169.217"
      mmsport="8080"
      type="mms"
  />

  <apn carrier="Vodafone Internet"
      mcc="286"
      mnc="02"
      apn="internet"
      user="vodafone"
      password="vodafone"
      type="default,supl"
  />

  <apn carrier="Vodafone MMS"
      mcc="286"
      mnc="02"
      apn="mms"
      user="vodafone"
      password="vodafone"
      mmsc="http://217.31.233.18:6001/MM1Servlet"
      mmsproxy="217.31.233.18"
      mmsport="9401"
      type="mms"
  />

  <apn carrier="Avea Internet"
      mcc="286"
      mnc="03"
      apn="internet"
      type="default,supl"
  />

  <apn carrier="Avea MMS"
      mcc="286"
      mnc="03"
      apn="mms"
      user="mms"
      password="mms"
      mmsc="http://mms.avea.com.tr/servlets/mms"
      mmsproxy="213.161.151.201"
      mmsport="8080"
      type="mms"
  />

  <apn carrier="T-Mobile MK"
      mcc="294"
      mnc="01"
      apn="internet"
      user="internet"
      password="t-mobile"
      type="default,supl"
  />

  <apn carrier="T-Mobile MK MMS"
      mcc="294"
      mnc="01"
      apn="mms"
      user="mms"
      password="mms"
      mmsc="http://mms.t-mobile.com.mk"
      mmsport="8080"
      type="mms"
  />

  <apn carrier="T-Mobile CG MMS"
      mcc="297"
      mnc="02"
      apn="mms"
      user="38267"
      password="38267"
      mmsc="http://192.168.180.100/servlets/mms"
      mmsproxy="10.0.5.19"
      mmsport="8080"
      type="mms"
  />

  <apn carrier="T-Mobile CG"
      mcc="297"
      mnc="02"
      apn="tmcg-wnw"
      user="38267"
      password="38267"
      type="default,supl"
  />

  <apn carrier="TELUS"
      mcc="302"
      mnc="220"
      apn="sp.telus.com"
      proxy="74.49.0.18"
      mmsc="http://aliasredirect.net/proxy/mmsc"
      type="default,supl,mms"
  />

  <apn carrier="Fido ISP GPRS"
      mcc="302"
      mnc="370"
      apn="fido-core-appl1.apn"
      mmsc="http://mms.fido.ca"
      mmsproxy="205.151.11.13"
      mmsport="80"
      type="default,supl,mms"
  />

  <apn carrier="Fido Tethering"
      mcc="302"
      mnc="370"
      apn="isp.fido.apn"
      type="dun"
  />

  <apn carrier="Bell Internet"
      mcc="302"
      mnc="610"
      apn="pda.bell.ca"
      mmsc="http://mms.bell.ca/mms/wapenc"
      type="default,supl,mms"
  />

  <apn carrier="Rogers"
      mcc="302"
      mnc="720"
      apn="rogers-core-appl1.apn"
      mmsc="http://mms.gprs.rogers.com"
      mmsproxy="10.128.1.69"
      mmsport="80"
      type="default,supl,mms"
  />

  <apn carrier="Rogers Tethering"
      mcc="302"
      mnc="720"
      apn="isp.apn"
      type="dun"
  />

  <apn carrier="myBlue Pix"
      mcc="310"
      mnc="030"
      apn="mmswap.centennialwireless.com"
      mmsc="http://mms.myblue.com/servlets/mms"
      mmsproxy="63.99.231.135"
      mmsport="8080"
      type="mms"
  />

  <apn carrier="Internet"
      mcc="310"
      mnc="030"
      apn="private.centennialwireless.com"
      user="privuser"
      password="priv"
      type="default,supl"
  />

  <apn carrier="CorrMMS"
      mcc="310"
      mnc="080"
      apn="corrmms"
      mmsc="http://mms.iot1.com/corr/mms.php"
      mmsproxy="66.255.55.23"
      mmsport="80"
      type="mms"
  />

  <apn carrier="Internet"
      mcc="310"
      mnc="090"
      apn="isp"
      type="default,supl"
  />

  <apn carrier="MMS"
      mcc="310"
      mnc="090"
      apn="mms"
      mmsc="http://mms.edgemobile.net/mmsc"
      mmsproxy="12.108.12.13"
      mmsport="3128"
      type="mms"
  />

  <apn carrier="Edge MMS Prepay"
      mcc="310"
      mnc="090"
      apn="ppmms"
      mmsc="http://mms.edgemobile.net/mmsc"
      mmsproxy="12.108.12.13"
      mmsport="3128"
      type="mms"
  />

  <apn carrier="PLAT-OTA-MMS"
      mcc="310"
      mnc="100"
      apn="plateaumms"
      password="mmsc"
      mmsc="208.254.124.11:8514"
      mmsproxy="208.254.124.11"
      mmsport="8080"
      type="mms"
  />

  <apn carrier="PLATWEB"
      mcc="310"
      mnc="100"
      apn="plateauweb"
      type="default,supl"
  />

  <apn carrier="My Multi Media"
      mcc="310"
      mnc="130"
      apn="mms.c1.ama"
      user="cell1mms"
      password="cell1"
      mmsc="http://mms.iot1.com/amarillo/mms.php"
      type="mms"
  />

  <apn carrier="T-Mobile US 160"
      mcc="310"
      mnc="160"
      apn="epc.tmobile.com"
      mmsc="http://mms.msg.eng.t-mobile.com/mms/wapenc"
      type="default,supl,mms"
  />

  <apn carrier="DataConnect"
      mcc="310"
      mnc="170"
      apn="isp.cingular"
      type="default,supl"
  />

  <apn carrier="Cingular MMS"
      mcc="310"
      mnc="170"
      apn="wap.cingular"
      user="WAP@CINGULARGPRS.COM"
      password="CINGULAR1"
      mmsc="http://mmsc.cingular.com"
      mmsproxy="66.209.11.32"
      mmsport="8080"
      type="mms"
  />

  <apn carrier="T-Mobile US 200"
      mcc="310"
      mnc="200"
      apn="epc.tmobile.com"
      mmsc="http://mms.msg.eng.t-mobile.com/mms/wapenc"
      type="default,supl,mms"
  />

  <apn carrier="T-Mobile US 210"
      mcc="310"
      mnc="210"
      apn="epc.tmobile.com"
      mmsc="http://mms.msg.eng.t-mobile.com/mms/wapenc"
      type="default,supl,mms"
  />

  <apn carrier="T-Mobile US 220"
      mcc="310"
      mnc="220"
      apn="epc.tmobile.com"
      mmsc="http://mms.msg.eng.t-mobile.com/mms/wapenc"
      type="default,supl,mms"
  />

  <apn carrier="T-Mobile US 230"
      mcc="310"
      mnc="230"
      apn="epc.tmobile.com"
      mmsc="http://mms.msg.eng.t-mobile.com/mms/wapenc"
      type="default,supl,mms"
  />

  <apn carrier="T-Mobile US 240"
      mcc="310"
      mnc="240"
      apn="epc.tmobile.com"
      mmsc="http://mms.msg.eng.t-mobile.com/mms/wapenc"
      type="default,supl,mms"
  />

  <apn carrier="T-Mobile US 250"
      mcc="310"
      mnc="250"
      apn="epc.tmobile.com"
      mmsc="http://mms.msg.eng.t-mobile.com/mms/wapenc"
      type="default,supl,mms"
  />

  <apn carrier="T-Mobile US"
      mcc="310"
      mnc="260"
      apn="epc.tmobile.com"
      mmsc="http://mms.msg.eng.t-mobile.com/mms/wapenc"
      type="default,supl,mms"
  />

  <apn carrier="T-Mobile US 270"
      mcc="310"
      mnc="270"
      apn="epc.tmobile.com"
      mmsc="http://mms.msg.eng.t-mobile.com/mms/wapenc"
      type="default,supl,mms"
  />

  <apn carrier="T-Mobile US 310"
      mcc="310"
      mnc="310"
      apn="epc.tmobile.com"
      mmsc="http://mms.msg.eng.t-mobile.com/mms/wapenc"
      type="default,supl,mms"
  />

  <apn carrier="Cingular 380 ATT"
      mcc="310"
      mnc="380"
      apn="proxy"
      proxy="wireless.cingular.com"
      port="80"
      mmsc="http://mmsc.cingular.com/"
      mmsproxy="wireless.cingular.com"
      type="default,supl,mms"
  />

  <apn carrier="AWS MMS"
      mcc="310"
      mnc="380"
      apn="proxy"
      mmsc="http://mmsc.mymmode.com"
      mmsproxy="10.250.250.55"
      mmsport="8080"
      type="mms"
  />

  <apn carrier="Celloneet MMS"
      mcc="310"
      mnc="390"
      apn="mms.celloneet.com"
      user="user1@mms.celloneet.com"
      password="celloneet"
      mmsc="http://mms.celloneet.com/servlets/mms"
      mmsproxy="63.99.231.135"
      mmsport="8080"
      type="mms"
  />

  <apn carrier="Cingular 410"
      mcc="310"
      mnc="410"
      apn="wap.cingular"
      user="WAP@CINGULARGPRS.COM"
      password="CINGULAR1"
      server="cingulargprs.com"
      proxy="wireless.cingular.com"
      port="80"
      mmsc="http://mmsc.cingular.com/"
      mmsproxy="wireless.cingular.com"
      type="default,supl,mms"
  />

  <apn carrier="CBW MMS"
      mcc="310"
      mnc="420"
      apn="wap.gocbw.com"
      mmsc="http://mms.gocbw.com:8088/mms"
      mmsproxy="216.68.79.202"
      mmsport="80"
      type="mms"
  />

  <apn carrier="DataConnect"
      mcc="310"
      mnc="470"
      apn="isp.cingular"
      type="default,supl"
  />

  <apn carrier="MediaNet"
      mcc="310"
      mnc="470"
      apn="wap.cingular"
      user="WAP@CINGULARGPRS.COM"
      password="CINGULAR1"
      mmsc="http://mmsc.cingular.com"
      mmsproxy="66.209.11.32"
      mmsport="8080"
      type="default,supl,mms"
  />

  <apn carrier="DataConnect"
      mcc="310"
      mnc="480"
      apn="isp.cingular"
      type="default,supl"
  />

  <apn carrier="MediaNet"
      mcc="310"
      mnc="480"
      apn="wap.cingular"
      user="WAP@CINGULARGPRS.COM"
      password="CINGULAR1"
      mmsc="http://mmsc.cingular.com"
      mmsproxy="66.209.11.32"
      mmsport="8080"
      type="default,supl,mms"
  />

  <apn carrier="T-Mobile US 490"
      mcc="310"
      mnc="490"
      apn="epc.tmobile.com"
      mmsc="http://mms.msg.eng.t-mobile.com/mms/wapenc"
      type="default,supl,mms"
  />

  <apn carrier="GoodCall Picture Message"
      mcc="310"
      mnc="490"
      apn="good.call"
      mmsc="http://mms.suncom.net:8088/mms"
      mmsproxy="66.150.33.125"
      mmsport="8080"
      type="mms"
  />

  <apn carrier="Suncom MMS"
      mcc="310"
      mnc="490"
      apn="mms"
      mmsc="http://mms.suncom.net:8088/mms"
      mmsproxy="66.150.33.125"
      mmsport="8080"
      type="mms"
  />

  <apn carrier="DobsonMMS"
      mcc="310"
      mnc="560"
      apn="dobsoncellularwap"
      mmsc="http://mmsc"
      mmsproxy="172.23.1.252"
      mmsport="8799"
      type="mms"
  />

  <apn carrier="ChinookMMS"
      mcc="310"
      mnc="570"
      apn="wapgw.chinookwireless.net"
      mmsc="http://mms.cellonenation.net/mms/"
      mmsproxy="204.181.155.195"
      mmsport="8080"
      type="mms"
  />

  <apn carrier="T-Mobile US 580"
      mcc="310"
      mnc="580"
      apn="epc.tmobile.com"
      mmsc="http://mms.msg.eng.t-mobile.com/mms/wapenc"
      type="default,supl,mms"
  />

  <apn carrier="CellularOne MMS"
      mcc="310"
      mnc="590"
      apn="cellular1wap"
      mmsc="http://mmsc"
      mmsproxy="172.23.1.252"
      mmsport="8799"
      type="mms"
  />

  <apn carrier="EpicINT"
      mcc="310"
      mnc="610"
      apn="internet.epictouch"
      type="default,supl"
  />

  <apn carrier="EpicMMS"
      mcc="310"
      mnc="610"
      apn="mms.epictouch"
      mmsc="http://mmsc.westlinkcom.com/servlets/mms"
      mmsproxy="63.99.231.135"
      mmsport="8080"
      type="mms"
  />

  <apn carrier="T-Mobile US 660"
      mcc="310"
      mnc="660"
      apn="epc.tmobile.com"
      mmsc="http://mms.msg.eng.t-mobile.com/mms/wapenc"
      type="default,supl,mms"
  />

  <apn carrier="WEB 2"
      mcc="310"
      mnc="770"
      apn="i2.iwireless.com"
      type="default,supl"
  />

  <apn carrier="Picture Messaging"
      mcc="310"
      mnc="770"
      apn="wap1.iwireless.com"
      mmsc="http://mmsc.iwireless.dataonair.net:6672"
      mmsproxy="209.4.229.31"
      mmsport="9401"
      type="mms"
  />

  <apn carrier="PIAPicture Messaging"
      mcc="310"
      mnc="770"
      apn="wap9.iwireless.com"
      mmsc="http://mmsc.iwireless.dataonair.net:6672"
      mmsproxy="209.4.229.32"
      mmsport="9401"
      type="mms"
  />

  <apn carrier="T-Mobile US 800"
      mcc="310"
      mnc="800"
      apn="epc.tmobile.com"
      mmsc="http://mms.msg.eng.t-mobile.com/mms/wapenc"
      type="default,supl,mms"
  />

  <apn carrier="Internet"
      mcc="310"
      mnc="840"
      apn="isp"
      type="default,supl"
  />

  <apn carrier="MMS"
      mcc="310"
      mnc="840"
      apn="mms"
      mmsc="http://mms.edgemobile.net/mmsc"
      mmsproxy="12.108.12.13"
      mmsport="3128"
      type="mms"
  />

  <apn carrier="Edge MMS Prepay"
      mcc="310"
      mnc="840"
      apn="ppmms"
      mmsc="http://mms.edgemobile.net/mmsc"
      mmsproxy="12.108.12.13"
      mmsport="3128"
      type="mms"
  />

  <apn carrier="DTC MMS"
      mcc="310"
      mnc="880"
      apn="mms.adv.com"
      mmsc="http://mms.iot1.com/advantage/mms.php"
      type="mms"
  />

  <apn carrier="WOW_WAP"
      mcc="310"
      mnc="910"
      apn="wap.firstcellular.com"
      mmsc="mms.firstcellular.net/mmsc"
      mmsproxy="10.101.1.5"
      mmsport="3128"
      type="default,supl,mms"
  />

  <apn carrier="MMS"
      mcc="311"
      mnc="190"
      apn="wap.cellular1.net"
      mmsc="http://mms.cellular1.net/ecit/mms.php"
      type="mms"
  />

  <apn carrier="Farmers GPRS"
      mcc="311"
      mnc="210"
      apn="internet.farmerswireless.com"
      type="default,supl"
  />

  <apn carrier="Farmers MMS"
      mcc="311"
      mnc="210"
      apn="mms.farmers.com"
      mmsc="172.16.0.37:8514"
      type="mms"
  />

  <apn carrier="Telcel Internet"
      mcc="334"
      mnc="02"
      apn="internet.itelcel.com"
      user="webgprs"
      password="webgprs2002"
      type="default,supl"
  />

  <apn carrier="Mensajas Multimedia"
      mcc="334"
      mnc="02"
      apn="mms.itelcel.com"
      user="mmsgprs"
      password="mmsgprs2003"
      mmsc="http://mms.itelcel.com/servlets/mms"
      mmsproxy="148.233.151.240"
      mmsport="8080"
      type="mms"
  />

  <apn carrier="MoviStar Internet"
      mcc="334"
      mnc="03"
      apn="internet.movistar.mx"
      user="movistar"
      password="movistar"
      type="default,supl"
  />

  <apn carrier="Album Multimedia"
      mcc="334"
      mnc="03"
      apn="mms.movistar.mx"
      user="movistar"
      password="movistar"
      mmsc="http://mms.movistar.mx"
      mmsproxy="10.2.20.1"
      mmsport="8080"
      type="mms"
  />

  <apn carrier="India Hutch"
      mcc="404"
      mnc="86"
      apn="portalnmms"
      proxy="10.10.1.100"
      port="9401"
      mmsc="http://mms1.hutchworld.co.in/mms/"
      type="default,supl,mms"
  />

  <apn carrier="Batelco Internet"
      mcc="426"
      mnc="01"
      apn="internet.batelco.com"
      type="default,supl"
  />

  <apn carrier="Batelco MMS"
      mcc="426"
      mnc="01"
      apn="mms.batelco.com"
      user="wap"
      password="wap"
      mmsc="http://192.168.36.10/servlets/mms"
      mmsproxy="192.168.1.2"
      mmsport="80"
      type="mms"
  />

  <apn carrier="Zain NET"
      mcc="426"
      mnc="02"
      apn="internet"
      user="internet"
      password="internet"
      type="default,supl"
  />

  <apn carrier="Zain MMS"
      mcc="426"
      mnc="02"
      apn="mms"
      user="mms"
      password="mms"
      mmsc="http://172.18.83.129"
      mmsproxy="172.18.85.34"
      mmsport="80"
      type="mms"
  />

  <apn carrier="mopera"
      mcc="440"
      mnc="10"
      apn="mopera.net"
      type="default,supl,mms"
  />

  <apn carrier="mopera U(Biz・ホーダイ)"
      mcc="440"
      mnc="10"
      apn="mpr2.bizho.net"
      type="default,supl,mms"
  />

  <apn carrier="SKT3G"
      mcc="450"
      mnc="05"
      apn="web.sktelecom.com"
      mmsc="http://omms.nate.com:9082/oma_mms"
      mmsproxy="smart.nate.com"
      mmsport="9093"
  />

  <apn carrier="KT-HSDPA"
      mcc="450"
      mnc="08"
      apn="alwayson-r6.ktfwing.com"
      mmsc="http://mmsc.ktfwing.com:9082"
  />

  <apn carrier="CSL GPRS"
      mcc="454"
      mnc="00"
      apn="hkcsl"
      proxy="192.168.59.51"
      port="8080"
      mmsc="http://192.168.58.171:8002"
      mmsproxy="192.168.59.51"
      mmsport="8080"
      type="default,supl,mms"
  />

  <apn carrier="CSL GPRS"
      mcc="454"
      mnc="02"
      apn="hkcsl"
      proxy="192.168.59.51"
      port="8080"
      mmsc="http://192.168.58.171:8002"
      mmsproxy="192.168.59.51"
      mmsport="8080"
      type="default,supl,mms"
  />

  <apn carrier="3-HK"
      mcc="454"
      mnc="03"
      apn="mobile.three.com.hk"
      mmsc="http://mms.um.three.com.hk:10021/mmsc"
      mmsproxy="mms.three.com.hk"
      mmsport="8799"
      type="default,supl,mms"
  />

  <apn carrier="3 (2G) MMS"
      mcc="454"
      mnc="04"
      apn="mms-g.three.com.hk"
      mmsc="http://10.30.15.51:10021/mmsc"
      mmsproxy="10.30.15.53"
      mmsport="9201"
      type="mms"
  />

  <apn carrier="3 (2G)"
      mcc="454"
      mnc="04"
      apn="web-g.three.com.hk"
      type="default,supl"
  />

  <apn carrier="SMC-Voda Internet"
      mcc="454"
      mnc="06"
      apn="SmarTone-Vodafone"
      mmsc="http://mms.smartone-vodafone.com/server"
      mmsproxy="10.9.9.9"
      mmsport="8080"
      type="default,supl,mms"
  />

  <apn carrier="one2free 2G"
      mcc="454"
      mnc="10"
      apn="hkcsl"
      mmsc="http://192.168.58.171:8002"
      mmsproxy="192.168.59.51"
      mmsport="8080"
      type="default,supl,mms"
  />

  <apn carrier="China Mobile HK MMS"
      mcc="454"
      mnc="12"
      apn="peoples.mms"
      mmsc="http://mms.peoples.com.hk/mms"
      mmsproxy="172.31.31.36"
      mmsport="8080"
      type="mms"
  />

  <apn carrier="China Mobile HK"
      mcc="454"
      mnc="12"
      apn="peoples.net"
      type="default,supl"
  />

  <apn carrier="PCCW 2G"
      mcc="454"
      mnc="16"
      apn="pccwdata"
      type="default,supl"
  />

  <apn carrier="PCCW 2G MMS"
      mcc="454"
      mnc="16"
      apn="pccwmms"
      mmsc="http://mmsc.mms.pccwmobile.com:8002/"
      mmsproxy="10.131.2.8"
      mmsport="8080"
      type="mms"
  />

  <apn carrier="PCCW 3G"
      mcc="454"
      mnc="19"
      apn="pccw"
      mmsc="http://3gmms.pccwmobile.com:8080/was"
      mmsproxy="10.140.14.10"
      mmsport="8080"
      type="default,supl,mms"
  />

  <apn carrier="SmarTone Macau"
      mcc="455"
      mnc="00"
      apn="smartgprs"
      proxy="10.9.9.29"
      port="8080"
      mmsc="http://mms.smartone.com.mo/dmog/mo"
      mmsproxy="10.9.9.29"
      mmsport="8080"
      type="default,supl,mms"
  />

  <apn carrier="CTM"
      mcc="455"
      mnc="01"
      apn="ctm-mobile"
      proxy="192.168.99.2"
      port="8080"
      type="default,supl"
  />

  <apn carrier="CTM MMS"
      mcc="455"
      mnc="01"
      apn="ctmmms"
      mmsc="http://mms.wap.ctm.net:8002"
      mmsproxy="192.168.99.3"
      mmsport="8080"
      type="mms"
  />

  <apn carrier="Hutchison Macau MMS"
      mcc="455"
      mnc="03"
      apn="mms.hutchisonmacau.com"
      mmsc="http://10.30.15.51:10021/mmsc"
      mmsproxy="10.30.15.53"
      mmsport="8080"
      type="mms"
  />

  <apn carrier="Hutchison Macau"
      mcc="455"
      mnc="03"
      apn="web-g.three.com.hk"
      user="hutchison"
      password="1234"
      type="default,supl"
  />

  <apn carrier="CTM"
      mcc="455"
      mnc="04"
      apn="ctm-mobile"
      proxy="192.168.99.2"
      port="8080"
      type="default,supl"
  />

  <apn carrier="CTM MMS"
      mcc="455"
      mnc="04"
      apn="ctmmms"
      mmsc="http://mms.wap.ctm.net:8002"
      mmsproxy="192.168.99.3"
      mmsport="8080"
      type="mms"
  />

  <apn carrier="中国移动 (China Mobile) GPRS"
      mcc="460"
      mnc="00"
      apn="cmnet"
      type="default,supl"
  />

  <apn carrier="中国移动彩信 (China Mobile)"
      mcc="460"
      mnc="00"
      apn="cmwap"
      proxy="10.0.0.172"
      port="80"
      mmsc="http://mmsc.monternet.com"
      mmsproxy="10.0.0.172"
      mmsport="80"
      type="mms"
  />

  <apn carrier="中国联通 3g 网络 (China Unicom)"
      mcc="460"
      mnc="01"
      apn="3gnet"
      type="default,supl"
  />

  <apn carrier="中国联通 3g 彩信 (China Unicom)"
      mcc="460"
      mnc="01"
      apn="3gwap"
      mmsc="http://mmsc.myuni.com.cn"
      mmsproxy="10.0.0.172"
      mmsport="80"
      type="mms"
  />

  <apn carrier="中国移动 (China Mobile) GPRS"
      mcc="460"
      mnc="02"
      apn="cmnet"
      type="default,supl"
  />

  <apn carrier="中国移动彩信 (China Mobile)"
      mcc="460"
      mnc="02"
      apn="cmwap"
      proxy="10.0.0.172"
      port="80"
      mmsc="http://mmsc.monternet.com"
      mmsproxy="10.0.0.172"
      mmsport="80"
      type="mms"
  />

  <apn carrier="中国移动 (China Mobile) GPRS"
      mcc="460"
      mnc="07"
      apn="cmnet"
      type="default,supl"
  />

  <apn carrier="中国移动彩信 (China Mobile)"
      mcc="460"
      mnc="07"
      apn="cmwap"
      proxy="10.0.0.172"
      port="80"
      mmsc="http://mmsc.monternet.com"
      mmsproxy="10.0.0.172"
      mmsport="80"
      type="mms"
  />

  <apn carrier="遠傳電信(Far EasTone) (Fetnet01)"
      mcc="466"
      mnc="01"
      apn="fetnet01"
      proxy="210.241.199.199"
      port="80"
      type="default,supl"
  />

  <apn carrier="遠傳電信(Far EasTone) (MMS)"
      mcc="466"
      mnc="01"
      apn="fetnet01"
      mmsc="http://mms"
      mmsproxy="210.241.199.199"
      mmsport="9201"
      type="mms"
  />

  <apn carrier="遠傳電信(Far EasTone) (Internet)"
      mcc="466"
      mnc="01"
      apn="internet"
      type="default,supl"
  />

  <apn carrier="和信電訊(KGT-Online) (Internet)"
      mcc="466"
      mnc="88"
      apn="internet"
      type="default,supl"
  />

  <apn carrier="和信電訊(KGT-Online) (MMS)"
      mcc="466"
      mnc="88"
      apn="kgtmms"
      mmsc="http://mms.kgtmms.net.tw/mms/wapenc"
      mmsproxy="172.28.33.5"
      mmsport="8080"
      type="mms"
  />

  <apn carrier="震旦電信(AURORA) (MMS)"
      mcc="466"
      mnc="89"
      apn="aurorawap"
      mmsc="http://auroramms"
      mmsproxy="172.24.128.36"
      mmsport="8080"
      type="mms"
  />

  <apn carrier="震旦電信(AURORA) (Internet)"
      mcc="466"
      mnc="89"
      apn="auroraweb"
      type="default,supl"
  />

  <apn carrier="威寶電信(VIBO)"
      mcc="466"
      mnc="89"
      apn="vibo"
      mmsc="http://mms"
      mmsproxy="172.24.128.36"
      mmsport="8080"
      type="default,supl,mms"
  />

  <apn carrier="中華電信(Chunghwa)"
      mcc="466"
      mnc="92"
      apn="emome"
      mmsc="http://mms.emome.net:8002"
      mmsproxy="10.1.1.1"
      mmsport="8080"
      type="default,supl,mms"
  />

  <apn carrier="中華電信(Chunghwa) (Internet)"
      mcc="466"
      mnc="92"
      apn="internet"
      type="default,supl"
  />

  <apn carrier="台灣大哥大(TW Mobile) (Internet)"
      mcc="466"
      mnc="93"
      apn="internet"
      type="default,supl"
  />

  <apn carrier="台灣大哥大(TW Mobile) (MMS)"
      mcc="466"
      mnc="93"
      apn="mms"
      mmsc="http://mms.catch.net.tw"
      mmsproxy="10.1.1.2"
      mmsport="80"
      type="mms"
  />

  <apn carrier="台灣大哥大(TW Mobile) (twm)"
      mcc="466"
      mnc="93"
      apn="twm"
      type="default,supl"
  />

  <apn carrier="台灣大哥大(TW Mobile) (Internet)"
      mcc="466"
      mnc="97"
      apn="internet"
      type="default,supl"
  />

  <apn carrier="台灣大哥大(TW Mobile) (MMS)"
      mcc="466"
      mnc="97"
      apn="mms"
      mmsc="http://mms.catch.net.tw"
      mmsproxy="10.1.1.2"
      mmsport="80"
      type="mms"
  />

  <apn carrier="台灣大哥大(TW Mobile) (twm)"
      mcc="466"
      mnc="97"
      apn="twm"
      type="default,supl"
  />

  <apn carrier="台灣大哥大(TW Mobile) (Internet)"
      mcc="466"
      mnc="99"
      apn="internet"
      type="default,supl"
  />

  <apn carrier="台灣大哥大(TW Mobile) (MMS)"
      mcc="466"
      mnc="99"
      apn="mms"
      mmsc="http://mms.catch.net.tw"
      mmsproxy="10.1.1.2"
      mmsport="80"
      type="mms"
  />

  <apn carrier="台灣大哥大(TW Mobile) (twm)"
      mcc="466"
      mnc="99"
      apn="twm"
      type="default,supl"
  />

  <apn carrier="Telstra MMS"
      mcc="505"
      mnc="01"
      apn="Telstra.mms"
      mmsc="http://mmsc.telstra.com:8002"
      mmsproxy="10.1.1.180"
      mmsport="80"
      type="mms"
  />

  <apn carrier="Telstra Internet"
      mcc="505"
      mnc="01"
      apn="Telstra.wap"
      type="default,supl"
  />

  <apn carrier="Optus Internet"
      mcc="505"
      mnc="02"
      apn="internet"
      type="default,supl"
  />

  <apn carrier="Optus MMS"
      mcc="505"
      mnc="02"
      apn="mms"
      mmsc="http://mmsc.optus.com.au:8002/"
      mmsproxy="61.88.190.10"
      mmsport="8070"
      type="mms"
  />

  <apn carrier="Optus Internet"
      mcc="505"
      mnc="02"
      apn="yesinternet"
      type="default,supl"
  />

  <apn carrier="Vodafone AU-MMS"
      mcc="505"
      mnc="03"
      apn="live.vodafone.com"
      mmsc="http://pxt.vodafone.net.au/pxtsend"
      mmsproxy="10.202.2.60"
      mmsport="8080"
      type="mms"
  />

  <apn carrier="Vodafone AU"
      mcc="505"
      mnc="03"
      apn="vfinternet.au"
      type="default,supl"
  />

  <apn carrier="3Internet"
      mcc="505"
      mnc="06"
      apn="3netaccess"
      type="default,supl"
  />

  <apn carrier="3"
      mcc="505"
      mnc="06"
      apn="3services"
      mmsc="http://mmsc.three.net.au:10021/mmsc"
      mmsproxy="10.176.57.25"
      mmsport="8799"
      type="default,supl,mms"
  />

  <apn carrier="VF AU PXT"
      mcc="505"
      mnc="07"
      apn="live.vodafone.com"
      mmsc="http://pxt.vodafone.net.au/pxtsend"
      mmsproxy="10.202.2.60"
      mmsport="8080"
      type="mms"
  />

  <apn carrier="VF Internet"
      mcc="505"
      mnc="07"
      apn="vfinternet.au"
      type="default,supl"
  />

  <apn carrier="Telstra MMS"
      mcc="505"
      mnc="11"
      apn="Telstra.mms"
      mmsc="http://mmsc.telstra.com:8002"
      mmsproxy="10.1.1.180"
      mmsport="80"
      type="mms"
  />

  <apn carrier="Telstra Internet"
      mcc="505"
      mnc="11"
      apn="Telstra.wap"
      type="default,supl"
  />

  <apn carrier="3Internet"
      mcc="505"
      mnc="12"
      apn="3netaccess"
      type="default,supl"
  />

  <apn carrier="3"
      mcc="505"
      mnc="12"
      apn="3services"
      mmsc="http://mmsc.three.net.au:10021/mmsc"
      mmsproxy="10.176.57.25"
      mmsport="8799"
      type="default,supl,mms"
  />

  <apn carrier="Telstra MMS"
      mcc="505"
      mnc="71"
      apn="Telstra.mms"
      mmsc="http://mmsc.telstra.com:8002"
      mmsproxy="10.1.1.180"
      mmsport="80"
      type="mms"
  />

  <apn carrier="Telstra Internet"
      mcc="505"
      mnc="71"
      apn="Telstra.wap"
      type="default,supl"
  />

  <apn carrier="Telstra MMS"
      mcc="505"
      mnc="72"
      apn="Telstra.mms"
      mmsc="http://mmsc.telstra.com:8002"
      mmsproxy="10.1.1.180"
      mmsport="80"
      type="mms"
  />

  <apn carrier="Telstra Internet"
      mcc="505"
      mnc="72"
      apn="Telstra.wap"
      type="default,supl"
  />

  <apn carrier="VF AU PXT"
      mcc="505"
      mnc="88"
      apn="live.vodafone.com"
      mmsc="http://pxt.vodafone.net.au/pxtsend"
      mmsproxy="10.202.2.60"
      mmsport="8080"
      type="mms"
  />

  <apn carrier="VF Internet"
      mcc="505"
      mnc="88"
      apn="vfinternet.au"
      type="default,supl"
  />

  <apn carrier="Optus Internet"
      mcc="505"
      mnc="90"
      apn="internet"
      type="default,supl"
  />

  <apn carrier="Optus MMS"
      mcc="505"
      mnc="90"
      apn="mms"
      mmsc="http://mmsc.optus.com.au:8002/"
      mmsproxy="61.88.190.10"
      mmsport="8070"
      type="mms"
  />

  <apn carrier="IDEAS"
      mcc="525"
      mnc="01"
      apn="e-ideas"
      type="default,supl"
  />

  <apn carrier="IDEAS MMS"
      mcc="525"
      mnc="01"
      apn="e-ideas"
      user="65IDEAS"
      password="65IDEAS"
      mmsc="http://mms.singtel.com:10021/mmsc"
      mmsproxy="165.21.42.84"
      mmsport="8080"
      type="mms"
  />

  <apn carrier="M1 MMS"
      mcc="525"
      mnc="03"
      apn="Miworld"
      proxy="172.16.1.23"
      port="9201"
      mmsc="http://mmsgw:8002"
      mmsproxy="172.16.14.10"
      mmsport="9201"
      type="mms"
  />

  <apn carrier="M1"
      mcc="525"
      mnc="03"
      apn="sunsurf"
      user="65"
      password="user123"
      type="default,supl"
  />

  <apn carrier="StarHub"
      mcc="525"
      mnc="05"
      apn="internet"
      type="default,supl"
  />

  <apn carrier="Gee! MMS"
      mcc="525"
      mnc="05"
      apn="shmms"
      mmsc="http://mms.starhubgee.com.sg:8002"
      mmsproxy="10.12.1.80"
      mmsport="80"
      type="mms"
  />

  <apn carrier="Gee! (GPRS)"
      mcc="525"
      mnc="05"
      apn="shwap"
      user="star"
      password="hub"
      proxy="10.12.1.2"
      port="80"
      type="default,supl"
  />

  <apn carrier="Vodafone NZ-MMS"
      mcc="530"
      mnc="01"
      apn="live.vodafone.com"
      mmsc="http://pxt.vodafone.net.nz/pxtsend"
      mmsproxy="172.30.38.3"
      mmsport="8080"
      type="mms"
  />

  <apn carrier="Vodafone NZ"
      mcc="530"
      mnc="01"
      apn="www.vodafone.net.nz"
      type="default,supl"
  />

  <apn carrier="VFNZ PXT"
      mcc="530"
      mnc="02"
      apn="live.vodafone.com"
      mmsc="http://pxt.vodafone.net.nz/pxtsend"
      mmsproxy="172.30.38.3"
      mmsport="8080"
      type="mms"
  />

  <apn carrier="VFNZ Internet"
      mcc="530"
      mnc="02"
      apn="www.vodafone.net.nz"
      type="default,supl"
  />

  <apn carrier="Telecom Internet"
      mcc="530"
      mnc="05"
      apn="internet.telecom.co.nz"
      type="default,supl"
  />

  <apn carrier="Telecom MMS"
      mcc="530"
      mnc="05"
      apn="wap.telecom.co.nz"
      mmsc="http://lsmmsc.xtra.co.nz"
      mmsproxy="210.55.11.73"
      mmsport="80"
      type="mms"
  />

  <apn carrier="2degrees Internet"
      mcc="530"
      mnc="24"
      apn="internet"
      type="default,supl"
  />

  <apn carrier="2degrees MMS"
      mcc="530"
      mnc="24"
      apn="mms"
      mmsc="http://mms.2degreesmobile.net.nz:48090"
      mmsproxy="118.148.1.118"
      mmsport="8080"
      type="mms"
  />

  <apn carrier="Vodacom"
      mcc="655"
      mnc="01"
      apn="internet"
      type="default,supl"
  />

  <apn carrier="Vodacom MMS"
      mcc="655"
      mnc="01"
      apn="mms.vodacom.net"
      mmsc="http://mmsc.vodacom4me.co.za/"
      mmsproxy="196.6.128.13"
      mmsport="8080"
      type="mms"
  />

  <apn carrier="Vlive!"
      mcc="655"
      mnc="01"
      apn="vlive"
      proxy="196.6.128.12"
      port="8080"
      type="default,supl"
  />

  <apn carrier="Cell C Internet"
      mcc="655"
      mnc="07"
      apn="Internet"
      type="default,supl"
  />

  <apn carrier="Cell C MMS"
      mcc="655"
      mnc="07"
      apn="mms"
      mmsc="http://mms.cmobile.co.za"
      mmsproxy="196.031.116.250"
      mmsport="8080"
      type="mms"
  />

  <apn carrier="Virgin Mobile SA Internet"
      mcc="655"
      mnc="07"
      apn="vdata"
      type="default,supl"
  />

  <apn carrier="Virgin Mobile SA Internet"
      mcc="655"
      mnc="07"
      apn="vmms"
      mmsc="http://mms.virginmobile.co.za"
      mmsproxy="196.31.116.242"
      mmsport="8080"
      type="mms"
  />

  <apn carrier="MTN SA Web"
      mcc="655"
      mnc="10"
      apn="internet"
      type="default,supl"
  />

  <apn carrier="MTN MMS"
      mcc="655"
      mnc="10"
      apn="myMTN"
      user="mtnmms"
      password="mtnmms"
      proxy="196.11.240.241"
      port="8080"
      mmsc="http://mms.mtn.co.za/mms/wapenc"
      mmsproxy="196.11.240.241"
      mmsport="8080"
      type="mms"
  />

  <apn carrier="MTN GPRS"
      mcc="655"
      mnc="10"
      apn="myMTN"
      user="mtnwap"
      proxy="196.011.240.251"
      port="8080"
      type="default,supl"
  />

  <apn carrier="TIM MMS"
      mcc="724"
      mnc="02"
      apn="mms.tim.br"
      user="tim"
      password="tim"
      mmsc="http://mms.tim.br"
      mmsproxy="200.179.66.242"
      mmsport="8080"
      type="mms"
  />

  <apn carrier="TIM CONNECT FAST"
      mcc="724"
      mnc="02"
      apn="tim.br"
      user="tim"
      password="tim"
      type="default,supl"
  />

  <apn carrier="TIM MMS"
      mcc="724"
      mnc="03"
      apn="mms.tim.br"
      user="tim"
      password="tim"
      mmsc="http://mms.tim.br"
      mmsproxy="200.179.66.242"
      mmsport="8080"
      type="mms"
  />

  <apn carrier="TIM CONNECT FAST"
      mcc="724"
      mnc="03"
      apn="tim.br"
      user="tim"
      password="tim"
      type="default,supl"
  />

  <apn carrier="TIM MMS"
      mcc="724"
      mnc="04"
      apn="mms.tim.br"
      user="tim"
      password="tim"
      mmsc="http://mms.tim.br"
      mmsproxy="200.179.66.242"
      mmsport="8080"
      type="mms"
  />

  <apn carrier="TIM CONNECT FAST"
      mcc="724"
      mnc="04"
      apn="tim.br"
      user="tim"
      password="tim"
      type="default,supl"
  />

  <apn carrier="Claro Foto"
      mcc="724"
      mnc="05"
      apn="mms.claro.com.br"
      user="claro"
      password="claro"
      mmsc="http://mms.claro.com.br"
      mmsproxy="200.169.126.10"
      mmsport="8799"
      type="mms"
  />

  <apn carrier="Portal Claro"
      mcc="724"
      mnc="05"
      apn="wap.claro.com.br"
      user="claro"
      password="claro"
      proxy="200.169.126.11"
      port="8799"
      type="default,supl"
  />

  <apn carrier="VIVO MMS"
      mcc="724"
      mnc="06"
      apn="mms.vivo.com.br"
      user="vivo"
      password="vivo"
      mmsc="http://termnat.vivomms.com.br:8088/mms"
      mmsproxy="200.142.130.104"
      mmsport="80"
      type="mms"
  />

  <apn carrier="VIVO ZAP"
      mcc="724"
      mnc="06"
      apn="zap.vivo.com.br"
      user="vivo"
      password="vivo"
      type="default,supl"
  />

  <apn carrier="SCTL MMS"
      mcc="724"
      mnc="07"
      apn="mms.sercomtel.com.br"
      user="sercomtel"
      password="sercomtel"
      mmsc="http://mms.claro.com.br"
      mmsproxy="200.169.126.10"
      mmsport="8799"
      type="mms"
  />

  <apn carrier="SCTL GPRS"
      mcc="724"
      mnc="07"
      apn="sercomtel.com.br"
      user="sercomtel"
      password="sercomtel"
      type="default,supl"
  />

  <apn carrier="VIVO MMS"
      mcc="724"
      mnc="10"
      apn="mms.vivo.com.br"
      user="vivo"
      password="vivo"
      mmsc="http://termnat.vivomms.com.br:8088/mms"
      mmsproxy="200.142.130.104"
      mmsport="80"
      type="mms"
  />

  <apn carrier="VIVO ZAP"
      mcc="724"
      mnc="10"
      apn="zap.vivo.com.br"
      user="vivo"
      password="vivo"
      type="default,supl"
  />

  <apn carrier="VIVO MMS"
      mcc="724"
      mnc="11"
      apn="mms.vivo.com.br"
      user="vivo"
      password="vivo"
      mmsc="http://termnat.vivomms.com.br:8088/mms"
      mmsproxy="200.142.130.104"
      mmsport="80"
      type="mms"
  />

  <apn carrier="VIVO ZAP"
      mcc="724"
      mnc="11"
      apn="zap.vivo.com.br"
      user="vivo"
      password="vivo"
      type="default,supl"
  />

  <apn carrier="BrT Internet"
      mcc="724"
      mnc="16"
      apn="brt.br"
      user="brt"
      password="brt"
      type="default,supl"
  />

  <apn carrier="BrT MMS"
      mcc="724"
      mnc="16"
      apn="mms.brt.br"
      user="brt"
      password="brt"
      mmsc="http://mms.brasiltelecom.com.br/"
      mmsproxy="200.96.8.29"
      mmsport="8080"
      type="mms"
  />

  <apn carrier="TelemigC GPRS"
      mcc="724"
      mnc="19"
      apn="gprs.telemigcelular.com.br"
      user="celular"
      password="celular"
      type="default,supl"
  />

  <apn carrier="MMS Telemig"
      mcc="724"
      mnc="19"
      apn="mmsgprs.telemigcelular.com.br"
      user="celular"
      password="celular"
      mmsc="http://mms.telemigcelular.com.br"
      mmsproxy="200.192.230.142"
      mmsport="8080"
      type="mms"
  />

  <apn carrier="TelemigC GPRS"
      mcc="724"
      mnc="23"
      apn="gprs.telemigcelular.com.br"
      user="celular"
      password="celular"
      type="default,supl"
  />

  <apn carrier="MMS Telemig"
      mcc="724"
      mnc="23"
      apn="mmsgprs.telemigcelular.com.br"
      user="celular"
      password="celular"
      mmsc="http://mms.telemigcelular.com.br"
      mmsproxy="200.192.230.142"
      mmsport="8080"
      type="mms"
  />

  <apn carrier="Internet Movil"
      mcc="730"
      mnc="01"
      apn="bam.entelpcs.cl"
      user="entelpcs"
      password="entelpcs"
      proxy="10.99.0.10"
      port="8080"
      type="default,supl"
  />

  <apn carrier="Mensajes Multimedia"
      mcc="730"
      mnc="01"
      apn="mms.entelpcs.cl"
      user="entelpcs"
      password="entelpcs"
      mmsc="http://mmsc.entelpcs.cl"
      mmsproxy="10.99.0.10"
      mmsport="8080"
      type="mms"
  />

  <apn carrier="WEB CLARO"
      mcc="730"
      mnc="03"
      apn="bam.clarochile.cl"
      user="clarochile"
      password="clarochile"
      type="default,supl"
  />

  <apn carrier="MMS CLARO"
      mcc="730"
      mnc="03"
      apn="mms.clarochile.cl"
      user="clarochile"
      password="clarochile"
      mmsc="http://mms.clarochile.cl"
      mmsproxy="172.23.200.200"
      mmsport="8080"
      type="mms"
  />

  <apn carrier="Internet Movil"
      mcc="730"
      mnc="10"
      apn="bam.entelpcs.cl"
      user="entelpcs"
      password="entelpcs"
      proxy="10.99.0.10"
      port="8080"
      type="default,supl"
  />

  <apn carrier="WEB EPCS"
      mcc="730"
      mnc="10"
      apn="imovil.entelpcs.cl"
      user="entelpcs"
      password="entelpcs"
      type="default,supl"
  />

  <apn carrier="MMS EPCS"
      mcc="730"
      mnc="10"
      apn="mms.entelpcs.cl"
      user="entelmms"
      password="entelpcs"
      mmsc="http://mmsc.entelpcs.cl"
      mmsproxy="10.99.0.10"
      mmsport="8080"
      type="mms"
  />

</apns>
